id,application_id,punctuality,quality,compliance,communication,overall
1,4938,2,2,5,2,4
2,2987,1,2,4,2,4
3,4687,3,5,3,5,1
4,4670,2,2,3,4,4
5,416,2,4,3,1,4
6,4613,1,4,1,2,3
7,1467,5,5,4,2,2
8,865,5,4,3,1,3
9,20,4,2,5,5,4
10,2932,5,3,1,2,2
11,2175,5,5,5,1,2
12,3901,4,4,2,3,2
13,4593,2,4,1,4,3
14,2998,5,4,4,4,3
15,2956,2,2,3,3,5
16,1496,3,3,5,4,3
17,1151,4,3,1,2,5
18,4827,3,4,2,4,4
19,3067,1,2,1,4,1
20,3588,2,1,1,5,2
21,4839,4,1,4,3,4
22,906,1,1,5,1,3
23,1245,3,4,1,1,3
24,4080,3,3,5,2,1
25,3772,3,4,4,2,4
26,3517,3,4,5,1,2
27,3253,5,2,5,4,1
28,4802,2,3,5,5,1
29,3722,2,1,1,5,2
30,2135,4,2,1,3,3
31,4075,3,2,1,3,5
32,1642,3,2,4,3,4
33,1963,4,4,3,1,4
34,1664,3,2,4,2,3
35,2632,2,3,1,5,4
36,407,3,5,5,4,3
37,4232,2,5,2,1,4
38,4919,3,1,3,5,5
39,1534,5,1,2,1,1
40,2410,2,5,1,5,5
41,1388,2,5,3,5,2
42,4748,3,5,1,5,3
43,1399,3,4,4,2,5
44,1687,3,3,5,3,3
45,3590,4,2,3,2,2
46,2442,2,4,1,1,1
47,3536,1,2,2,2,4
48,4407,1,1,2,1,1
49,4622,5,4,3,1,1
50,1100,1,5,3,5,3
51,4361,4,2,1,2,3
52,3408,3,4,5,3,2
53,4724,1,1,5,5,1
54,2279,1,3,5,3,1
55,545,3,1,3,4,2
56,3062,4,3,5,5,1
57,4642,3,5,3,1,5
58,2782,4,4,2,2,2
59,3120,4,1,1,1,1
60,3106,5,5,1,1,2
61,2564,5,3,4,5,1
62,2120,4,2,1,2,2
63,1174,1,1,5,3,1
64,3566,1,4,3,1,4
65,3844,5,1,3,3,3
66,256,2,5,4,3,4
67,3382,1,1,2,1,5
68,31,4,2,3,4,4
69,4886,2,5,2,2,4
70,1168,1,2,4,3,1
71,3741,5,5,3,2,1
72,2085,1,4,5,2,3
73,1234,1,4,2,1,2
74,1370,4,2,5,5,1
75,1137,1,5,2,4,4
76,1705,1,5,3,1,4
77,4329,4,5,4,2,3
78,4739,5,4,2,1,3
79,2511,5,1,4,2,1
80,4644,3,1,1,3,5
81,1316,1,2,1,1,4
82,3982,4,2,4,2,5
83,3837,4,3,3,1,5
84,4209,1,3,2,4,2
85,1136,5,1,5,2,4
86,1900,5,3,1,2,5
87,774,4,5,1,3,4
88,443,4,5,3,3,5
89,1174,3,2,5,4,1
90,3616,4,3,1,2,2
91,1358,1,3,3,2,2
92,549,4,1,3,1,5
93,200,2,3,4,1,1
94,1011,1,1,5,1,3
95,2509,5,5,2,2,1
96,1122,2,1,2,1,2
97,1566,1,2,5,4,2
98,1987,1,2,2,1,2
99,3745,1,2,3,3,4
100,1176,3,5,2,3,5
101,4393,4,4,3,1,4
102,4286,5,2,4,5,5
103,175,2,3,1,3,3
104,3914,4,5,5,2,2
105,300,5,3,2,1,1
106,3966,2,5,1,1,5
107,2355,5,3,4,1,1
108,1711,1,4,3,1,1
109,396,2,5,2,3,3
110,269,1,2,2,4,1
111,464,1,3,5,5,2
112,3594,2,5,1,4,3
113,2984,5,2,1,2,4
114,4001,2,1,2,5,4
115,932,2,1,5,4,1
116,942,2,1,1,2,1
117,71,5,2,2,4,1
118,2045,3,4,2,3,5
119,2330,3,1,1,3,5
120,3207,5,2,2,5,3
121,1982,3,5,3,2,2
122,3247,1,2,3,3,4
123,3964,3,4,1,1,2
124,3353,3,3,2,5,3
125,3464,1,5,2,1,2
126,3933,2,1,4,5,2
127,1452,4,2,4,4,5
128,3657,5,1,2,4,1
129,2093,3,2,1,5,3
130,4984,5,4,4,3,2
131,4443,3,3,2,5,5
132,190,4,4,2,3,4
133,2403,4,2,1,4,1
134,3063,2,3,1,4,4
135,4342,2,3,3,2,3
136,4589,4,1,5,2,4
137,3121,3,2,2,5,2
138,4756,3,5,2,2,4
139,1182,1,4,2,1,1
140,2123,4,1,2,3,1
141,902,1,2,4,5,5
142,2988,3,4,1,2,5
143,4221,2,5,5,2,4
144,299,4,4,5,5,2
145,2253,3,2,2,4,2
146,4434,1,1,5,5,3
147,253,1,3,3,5,4
148,828,2,2,2,3,5
149,459,3,1,3,1,5
150,1243,5,5,5,5,3
151,2389,1,5,5,1,2
152,4432,5,1,5,1,4
153,2431,2,4,2,5,2
154,4876,5,1,4,3,4
155,2329,3,1,1,1,5
156,1320,5,5,3,5,4
157,454,3,1,2,5,5
158,4351,4,1,1,1,5
159,2621,5,3,4,4,2
160,1217,1,5,1,4,5
161,4425,1,4,2,3,1
162,1958,5,2,1,4,4
163,3339,4,4,3,5,3
164,4025,5,2,3,5,4
165,2460,4,5,3,5,2
166,590,1,3,4,1,2
167,85,4,2,5,2,2
168,571,1,5,3,1,1
169,1785,2,5,4,2,1
170,3834,2,2,3,1,5
171,208,2,4,3,4,4
172,2669,1,1,3,2,5
173,2723,5,3,1,5,4
174,2542,2,2,4,5,3
175,2390,1,4,2,3,4
176,2562,2,5,3,2,1
177,3730,4,4,4,2,4
178,4595,4,5,2,1,4
179,4725,3,4,1,2,3
180,2272,4,4,5,4,1
181,4500,3,1,2,4,1
182,1074,5,1,3,1,5
183,3675,5,5,2,3,3
184,714,2,4,1,2,2
185,2447,3,4,1,3,5
186,179,3,5,4,5,4
187,111,3,5,5,5,3
188,4160,2,3,5,1,4
189,2695,2,4,1,3,1
190,1485,4,4,4,5,4
191,2815,4,4,3,3,3
192,4951,1,4,1,1,2
193,673,1,2,1,1,5
194,1265,2,3,2,1,1
195,2332,1,2,2,3,3
196,1040,4,1,5,5,2
197,4044,2,4,2,4,5
198,2237,4,2,3,3,1
199,1222,2,2,5,2,2
200,4740,2,2,4,2,2
201,2344,5,4,5,4,2
202,2027,1,5,3,5,1
203,4608,5,1,2,4,5
204,3836,5,5,4,1,4
205,3559,4,1,4,3,5
206,4351,4,4,2,2,2
207,317,2,1,1,3,1
208,4136,2,5,5,1,5
209,4594,2,1,5,1,2
210,1052,2,3,3,4,5
211,4656,2,2,4,1,4
212,2143,3,3,4,3,5
213,1831,4,3,3,2,3
214,4937,4,1,5,5,5
215,3522,1,3,4,4,5
216,4402,1,3,3,3,1
217,3792,3,2,2,5,1
218,4011,2,1,4,5,3
219,2473,5,2,4,4,2
220,2448,5,1,3,3,3
221,2624,5,1,4,3,4
222,855,4,2,1,3,3
223,486,5,4,5,1,4
224,4106,4,1,5,4,1
225,1919,5,3,5,5,5
226,3254,2,5,4,3,3
227,4947,3,5,5,5,1
228,3563,1,5,2,4,5
229,548,2,2,2,4,2
230,2637,2,2,2,5,1
231,2126,2,3,1,4,4
232,3041,1,2,2,1,1
233,4339,4,1,5,4,3
234,3360,3,4,5,1,4
235,2813,5,1,3,2,3
236,1580,5,3,2,1,2
237,2405,5,2,2,3,1
238,4372,5,1,4,2,2
239,2894,3,1,5,2,2
240,1205,3,1,5,1,5
241,2679,5,1,5,4,4
242,2613,5,1,1,3,3
243,3815,2,4,2,5,2
244,527,2,2,3,4,3
245,2329,1,4,4,5,2
246,821,5,5,5,5,5
247,4438,1,5,2,4,3
248,1065,3,4,4,5,1
249,597,3,1,3,1,2
250,2940,4,5,3,3,5
251,4317,3,1,4,5,1
252,4311,3,4,3,5,5
253,4079,4,2,3,4,2
254,1383,5,5,4,1,4
255,658,2,3,5,3,5
256,2784,2,5,3,1,3
257,2569,3,2,5,3,2
258,1967,3,5,2,4,2
259,2299,3,1,1,2,5
260,1083,5,1,5,5,2
261,393,1,3,3,5,2
262,3001,3,3,3,3,1
263,4287,2,2,3,3,1
264,3342,5,5,3,3,5
265,685,1,2,5,1,2
266,2033,1,3,2,5,4
267,2404,3,2,5,3,2
268,424,5,2,4,1,1
269,2445,1,5,5,2,5
270,3323,5,5,3,5,4
271,4645,3,4,4,1,3
272,4128,5,2,3,2,3
273,825,1,4,2,5,4
274,4668,3,5,4,4,2
275,4442,2,1,5,4,3
276,580,1,2,5,3,4
277,1292,3,1,3,1,3
278,2420,4,4,1,2,4
279,4163,5,3,3,5,4
280,4427,4,3,5,1,5
281,2911,1,4,5,4,4
282,195,1,4,1,2,3
283,4995,4,5,1,5,4
284,2464,3,1,4,2,5
285,1113,5,5,1,4,5
286,1857,3,5,2,2,3
287,242,4,5,1,4,3
288,4116,5,4,2,3,5
289,3760,4,5,3,2,4
290,3903,3,5,3,2,1
291,1549,4,4,5,5,5
292,1948,1,1,2,2,5
293,1410,1,3,1,1,3
294,3601,4,3,5,3,4
295,1063,2,1,3,3,3
296,1377,4,2,1,4,4
297,3226,4,3,2,4,3
298,2284,3,3,3,3,3
299,4650,1,1,5,3,1
300,4121,5,3,1,4,5
301,238,1,3,4,4,3
302,4311,2,2,2,1,5
303,1374,3,2,5,4,5
304,2831,5,2,5,1,2
305,3956,5,5,2,3,2
306,4061,5,5,1,2,3
307,284,5,2,2,2,2
308,1545,2,2,2,3,5
309,3845,2,1,3,5,2
310,4634,1,3,5,4,3
311,3609,1,2,2,4,3
312,3167,3,2,5,4,4
313,1642,4,1,2,2,1
314,1080,1,5,4,2,5
315,1525,3,4,3,5,1
316,4703,2,4,2,1,5
317,1668,1,1,2,3,5
318,47,1,2,3,2,1
319,2761,3,1,3,3,4
320,2540,4,5,5,2,3
321,2426,4,3,3,5,3
322,3226,1,4,4,5,1
323,311,3,4,5,3,5
324,2794,3,5,5,1,5
325,911,1,2,5,5,4
326,4223,5,1,5,2,4
327,4848,3,4,4,3,5
328,1967,1,4,2,4,3
329,4195,4,4,5,3,5
330,906,2,2,1,5,4
331,752,5,5,4,3,2
332,691,3,4,4,3,5
333,751,3,5,1,2,1
334,3642,5,3,2,5,1
335,2533,3,2,5,1,2
336,2239,2,3,4,4,5
337,313,5,4,2,2,3
338,3425,3,1,5,5,2
339,3210,2,1,2,5,3
340,2563,1,3,3,4,2
341,4779,1,5,2,5,5
342,4275,3,4,5,3,3
343,169,2,2,3,2,5
344,4040,4,2,5,3,2
345,2985,3,4,1,4,2
346,2485,5,5,3,2,1
347,1285,5,2,3,4,5
348,550,5,2,4,2,5
349,201,4,4,3,2,3
350,639,2,4,3,1,3
351,4458,3,3,2,5,2
352,1630,3,1,2,3,4
353,3656,4,4,1,4,2
354,2975,3,3,1,1,4
355,2745,4,5,2,2,1
356,1240,1,5,2,4,5
357,2008,3,2,5,5,4
358,1743,5,4,2,2,5
359,4520,5,1,3,3,1
360,4154,1,2,5,3,1
361,4607,5,5,5,4,4
362,2421,3,3,2,2,3
363,1846,3,1,1,2,3
364,1078,2,3,5,5,5
365,2571,5,5,2,5,2
366,1088,5,5,4,1,3
367,3640,2,5,4,3,5
368,4189,5,3,3,2,3
369,1123,5,2,3,1,3
370,890,3,3,4,2,2
371,4057,1,2,2,3,3
372,2851,1,5,5,4,5
373,118,3,5,3,2,5
374,2841,2,2,4,5,4
375,4555,3,5,4,4,1
376,803,4,4,5,5,2
377,1505,2,2,4,5,1
378,843,2,3,2,3,5
379,158,5,5,1,4,2
380,3875,4,4,4,2,3
381,3722,2,2,4,4,5
382,3058,2,2,2,4,4
383,3360,2,2,1,1,2
384,4518,3,2,3,4,5
385,2827,5,3,3,5,2
386,4129,3,5,5,4,5
387,1361,1,2,1,4,5
388,3426,5,4,5,4,2
389,3185,1,5,1,1,3
390,4848,4,4,2,3,2
391,3143,4,1,3,1,3
392,4103,5,4,5,1,3
393,794,4,4,5,3,1
394,2096,2,4,4,1,4
395,4322,1,5,5,5,2
396,1043,1,2,1,5,4
397,4186,5,4,1,4,4
398,2506,1,1,2,3,5
399,534,3,2,2,5,5
400,4756,5,5,5,1,3
401,2458,2,3,4,5,5
402,1997,2,2,2,3,3
403,1513,1,2,2,3,4
404,2031,4,1,2,3,5
405,3295,3,5,5,3,4
406,3520,4,4,2,2,3
407,4277,3,5,2,1,4
408,1565,4,2,1,2,3
409,3219,5,2,2,4,1
410,2923,3,2,2,5,3
411,1582,3,4,2,3,2
412,749,5,2,5,1,2
413,3302,4,4,3,5,1
414,1545,2,1,3,1,3
415,3695,4,3,3,1,4
416,2582,1,3,3,5,4
417,4062,3,5,4,3,5
418,3174,1,4,1,5,1
419,438,4,1,1,1,3
420,3121,2,2,5,5,1
421,1924,3,4,5,1,2
422,2966,5,3,2,5,1
423,3022,1,5,4,3,2
424,4935,4,4,1,2,3
425,1093,2,2,2,5,5
426,926,4,2,5,3,1
427,3349,4,5,5,4,1
428,1107,1,5,3,1,1
429,827,1,5,2,1,2
430,891,2,3,5,2,2
431,413,5,1,5,4,3
432,283,1,2,4,4,2
433,4509,3,2,3,4,1
434,4702,3,1,5,3,4
435,2997,5,3,1,1,5
436,297,5,3,4,1,2
437,2314,1,5,1,4,5
438,2761,1,1,4,3,4
439,3401,4,5,5,5,5
440,2976,5,1,5,5,3
441,1026,5,5,4,3,1
442,3088,1,1,4,1,2
443,396,4,1,5,4,4
444,113,2,5,2,4,4
445,2883,3,3,5,2,4
446,2385,2,5,3,2,1
447,1409,4,5,3,2,5
448,4605,3,1,2,5,2
449,4985,3,1,1,4,2
450,4049,5,4,3,2,4
451,1503,5,1,5,3,4
452,2557,1,2,4,4,2
453,2090,3,4,1,1,5
454,791,1,3,1,4,1
455,3604,2,4,1,4,1
456,4429,2,4,3,4,5
457,1942,5,1,4,4,1
458,1627,4,5,4,2,1
459,1720,5,1,2,1,4
460,1063,5,3,2,1,4
461,642,5,1,4,1,4
462,3468,4,3,5,4,1
463,3022,5,1,1,4,5
464,1994,2,1,2,3,4
465,607,1,1,5,3,2
466,1961,1,3,1,3,4
467,423,2,4,3,2,2
468,3928,5,2,1,2,1
469,1099,1,2,5,4,3
470,4769,1,4,4,4,5
471,896,5,4,3,3,3
472,3085,4,2,5,5,2
473,3039,1,4,3,1,2
474,3355,4,4,5,5,5
475,4391,3,4,2,5,3
476,3340,5,4,4,5,1
477,3237,3,2,5,1,5
478,1589,2,4,1,3,3
479,3384,5,2,5,3,5
480,3840,5,4,5,2,3
481,4680,2,1,1,2,2
482,2043,3,2,5,3,2
483,1291,4,5,1,5,2
484,1762,3,1,4,3,4
485,1292,4,1,2,2,2
486,3617,5,4,2,1,1
487,2630,5,2,5,4,1
488,1269,3,1,3,5,2
489,3475,4,1,3,1,2
490,3036,5,5,1,3,2
491,3209,3,5,5,2,1
492,1041,5,3,5,1,1
493,1768,3,1,4,1,5
494,446,4,1,1,4,4
495,3977,5,1,2,1,1
496,2280,5,2,3,1,1
497,3979,1,1,1,1,3
498,634,2,3,1,5,1
499,1883,4,2,4,3,1
500,1880,5,2,4,3,4
501,2228,2,1,1,4,5
502,1182,3,5,4,3,2
503,138,2,4,3,4,5
504,1540,3,5,3,2,5
505,899,5,2,2,2,1
506,229,1,5,3,5,3
507,334,2,2,1,4,4
508,2740,1,1,1,2,1
509,92,1,3,4,2,5
510,4794,5,2,5,3,5
511,4491,4,1,3,3,1
512,2205,4,5,1,3,5
513,389,1,2,2,1,4
514,201,4,1,2,2,3
515,1034,3,2,2,5,2
516,318,2,3,4,4,5
517,2533,2,1,3,2,5
518,1668,2,3,3,1,4
519,1842,4,4,4,3,4
520,3251,4,5,3,3,2
521,4526,4,2,2,4,5
522,2037,4,3,1,3,3
523,3944,3,1,5,2,2
524,1784,2,4,2,1,2
525,4040,3,3,3,1,5
526,1148,5,4,3,5,1
527,1621,2,1,1,4,4
528,2791,5,4,5,4,1
529,3998,5,3,1,2,5
530,89,3,2,1,4,4
531,741,4,4,3,4,1
532,3838,5,4,2,3,3
533,3586,2,2,5,2,2
534,2646,4,2,3,4,2
535,4873,2,2,3,5,5
536,3195,5,2,3,5,5
537,1920,3,5,3,3,1
538,4691,5,5,1,5,2
539,1854,1,2,2,1,5
540,4001,5,2,3,1,2
541,2650,2,5,1,4,2
542,425,4,5,5,4,5
543,1160,4,5,1,2,4
544,3907,4,2,3,4,4
545,1507,5,4,4,1,5
546,1668,3,2,3,5,4
547,3791,5,2,5,1,3
548,3142,2,5,5,1,3
549,3608,1,5,5,3,5
550,4866,3,3,3,3,2
551,4207,2,1,3,3,5
552,3931,4,5,1,4,2
553,4069,5,1,4,1,3
554,3425,5,1,5,2,3
555,687,5,3,3,4,1
556,1065,5,2,1,4,1
557,10,1,1,3,2,2
558,2678,4,4,1,1,2
559,2492,2,2,3,5,2
560,1360,5,4,3,4,4
561,726,5,1,4,4,3
562,2917,1,2,1,3,5
563,4617,5,1,2,1,2
564,3202,4,3,3,1,5
565,4675,3,4,2,1,2
566,1397,1,5,3,3,5
567,2798,3,5,3,2,1
568,1902,1,5,1,1,2
569,1239,3,4,1,1,3
570,3397,3,3,4,3,5
571,4858,3,5,1,1,1
572,3951,4,3,2,1,4
573,835,2,4,4,1,5
574,2932,2,2,5,3,2
575,2794,2,1,4,4,3
576,282,1,3,2,4,4
577,4280,1,1,3,5,3
578,917,4,1,5,4,4
579,3595,4,1,4,5,3
580,1848,3,5,1,2,5
581,4115,4,5,1,4,3
582,1048,1,2,2,2,1
583,4058,5,3,3,4,3
584,1875,5,1,1,1,2
585,1692,4,5,1,3,1
586,4036,5,5,3,1,5
587,3431,4,4,2,5,1
588,3599,3,1,3,1,4
589,4121,4,1,5,2,5
590,2123,1,1,2,5,3
591,4334,5,5,3,5,1
592,1516,1,3,1,3,4
593,2942,5,3,4,2,5
594,2881,5,4,5,2,5
595,1075,2,1,1,1,5
596,994,1,3,2,4,4
597,859,1,2,2,2,5
598,906,4,2,1,2,2
599,3898,2,2,5,1,1
600,2949,4,4,1,5,3
601,3860,4,3,1,1,4
602,3584,4,2,2,5,2
603,3633,4,4,2,1,1
604,1925,5,5,3,1,5
605,4887,1,2,4,4,3
606,2480,3,4,5,3,1
607,3799,1,1,2,3,2
608,479,2,1,1,5,2
609,897,3,4,1,4,2
610,3292,3,4,1,5,1
611,2879,4,5,3,1,5
612,752,4,2,2,2,1
613,402,2,3,1,3,2
614,4874,4,4,1,1,2
615,4754,5,3,1,4,4
616,4837,1,5,2,3,2
617,4795,4,2,5,1,2
618,1896,2,2,4,3,3
619,2528,3,5,2,1,2
620,2162,3,2,4,1,5
621,4899,4,3,4,1,3
622,803,1,2,4,3,4
623,1360,5,4,3,4,3
624,2739,2,2,5,4,2
625,4263,1,1,5,1,4
626,3747,1,5,5,1,3
627,1572,5,4,1,1,2
628,3370,4,5,3,1,3
629,835,4,5,2,3,4
630,2171,1,5,1,1,3
631,1020,4,5,3,1,2
632,1582,5,1,2,5,4
633,1973,3,3,1,1,4
634,4443,3,1,4,4,1
635,1660,3,3,5,3,2
636,4163,1,2,1,3,3
637,4142,4,1,2,1,3
638,2776,5,2,1,2,5
639,215,5,5,5,5,2
640,4404,4,1,4,4,3
641,3780,5,2,5,3,5
642,2032,5,3,1,4,3
643,467,5,4,5,5,3
644,3672,2,2,3,1,5
645,600,3,3,4,1,2
646,511,1,2,5,5,5
647,2988,4,1,2,2,4
648,1248,4,5,1,2,5
649,4975,5,1,2,5,4
650,3156,3,5,2,1,2
651,439,2,3,1,3,2
652,4938,2,2,3,4,2
653,804,3,1,2,2,1
654,542,1,1,3,4,4
655,809,5,3,1,1,4
656,3776,5,2,2,3,3
657,2233,5,4,3,5,2
658,4137,2,5,5,4,5
659,1688,3,5,5,2,5
660,1358,2,4,5,4,2
661,2351,1,1,3,3,5
662,4228,2,3,2,1,1
663,3340,2,5,2,5,4
664,4684,2,2,3,5,1
665,4568,3,3,1,1,1
666,1129,1,2,4,1,3
667,2283,1,1,4,2,1
668,4874,2,4,3,3,5
669,3505,1,2,5,3,3
670,4374,3,3,1,3,5
671,2381,3,3,4,3,2
672,67,5,3,1,2,4
673,533,2,3,5,5,4
674,1867,2,4,3,4,4
675,2051,3,2,5,4,1
676,3903,5,3,4,3,5
677,4495,3,4,3,1,5
678,3568,4,5,1,3,4
679,2394,4,3,2,4,5
680,3202,3,2,4,1,5
681,1395,1,5,4,4,3
682,3622,1,4,1,2,4
683,4986,2,1,3,3,5
684,4396,3,4,5,4,5
685,4671,2,4,4,5,4
686,2109,5,1,1,3,2
687,625,1,5,3,1,3
688,4978,1,3,5,4,1
689,511,1,4,5,2,4
690,3956,1,1,4,4,1
691,4387,2,1,3,4,4
692,823,3,3,5,2,4
693,1529,1,2,4,5,4
694,3158,3,1,2,2,1
695,3046,2,2,5,1,1
696,1367,5,1,3,2,4
697,1861,5,3,5,4,3
698,4045,5,2,4,4,5
699,2894,5,1,3,1,2
700,4071,3,3,4,4,3
701,1127,5,5,4,3,3
702,387,1,4,4,1,3
703,1907,2,2,5,4,3
704,2402,3,3,4,3,5
705,3459,2,2,4,1,3
706,1846,5,5,4,5,3
707,4057,4,1,5,3,5
708,4174,3,5,5,2,3
709,1237,2,3,1,4,4
710,909,5,3,3,1,1
711,4949,5,3,1,1,3
712,4810,3,1,1,1,5
713,1746,4,1,2,5,5
714,3080,3,4,1,1,1
715,538,4,5,4,2,1
716,4976,5,4,5,1,5
717,888,3,4,2,5,1
718,4321,2,4,1,3,2
719,1891,2,1,1,3,3
720,229,2,4,2,4,1
721,873,3,2,4,2,1
722,254,4,3,4,3,1
723,2425,1,3,5,2,4
724,780,3,1,5,3,4
725,3329,1,3,5,4,5
726,1605,3,3,1,4,5
727,995,3,4,3,5,3
728,824,5,4,2,4,2
729,4052,1,5,4,2,5
730,4046,2,5,3,3,4
731,3145,2,4,4,4,2
732,2410,3,3,5,3,5
733,3685,2,1,5,1,1
734,1722,1,4,1,5,1
735,3830,5,5,4,1,2
736,2046,3,3,1,3,2
737,335,4,4,3,4,5
738,1038,2,4,5,1,5
739,1480,3,4,5,1,2
740,4762,1,4,5,4,1
741,1966,2,5,1,1,2
742,160,5,2,2,3,5
743,2270,1,5,2,4,1
744,31,2,2,5,4,4
745,184,1,4,4,2,3
746,1188,5,2,1,5,3
747,1637,1,2,2,1,5
748,3913,4,5,3,5,3
749,2208,5,2,5,4,5
750,4143,4,5,3,3,3
751,4877,2,3,3,2,5
752,423,1,4,3,5,3
753,1564,4,4,5,3,2
754,166,1,4,4,2,4
755,3914,3,2,1,5,4
756,654,4,1,1,1,4
757,3455,1,4,4,4,2
758,2164,5,4,5,3,4
759,2755,5,4,5,4,3
760,4825,2,2,3,4,2
761,3059,3,5,2,1,2
762,2028,5,1,2,3,3
763,3862,1,5,1,5,3
764,3995,5,3,5,5,5
765,2218,4,2,5,2,5
766,994,3,4,4,4,3
767,4268,5,2,3,1,3
768,1949,5,4,4,4,3
769,2246,1,2,5,4,1
770,4891,3,1,4,3,4
771,686,5,4,5,4,1
772,810,3,3,4,5,3
773,4397,3,1,4,4,2
774,2842,1,3,4,4,1
775,311,5,3,5,1,2
776,4884,2,5,2,2,4
777,4949,3,4,2,4,4
778,636,3,5,5,3,3
779,1900,2,3,1,1,2
780,2877,5,2,3,1,3
781,2498,3,2,2,5,5
782,1102,1,1,4,2,2
783,2046,2,3,4,3,4
784,4803,4,5,2,5,5
785,994,2,4,5,2,2
786,1554,2,3,2,5,2
787,330,1,5,5,5,3
788,2547,1,4,3,3,3
789,4914,2,3,4,1,4
790,1125,1,4,1,5,5
791,1919,1,2,5,1,5
792,2154,3,2,2,3,2
793,1435,3,1,1,2,2
794,323,4,1,4,3,4
795,4589,2,3,4,1,3
796,4462,3,4,5,4,3
797,4000,5,3,2,4,4
798,4279,1,1,3,4,3
799,1357,3,1,1,3,5
800,3832,2,4,2,5,3
801,2334,3,2,1,4,1
802,4948,3,2,2,2,5
803,347,3,5,3,4,2
804,4712,2,3,1,5,4
805,3487,2,1,1,5,4
806,1371,4,3,5,5,1
807,4666,2,4,4,3,5
808,855,5,3,4,4,5
809,1465,4,2,5,5,2
810,414,4,3,3,4,2
811,1243,5,5,5,5,5
812,404,5,1,2,5,3
813,981,1,3,5,4,2
814,500,4,4,5,2,1
815,210,1,1,3,4,2
816,2397,5,4,5,5,4
817,1009,3,5,1,4,1
818,3617,1,3,1,2,5
819,994,5,3,3,1,5
820,4231,1,1,2,2,1
821,2916,4,2,2,4,1
822,36,2,2,3,5,1
823,1797,3,1,1,3,3
824,3609,2,2,3,5,2
825,1585,2,4,1,3,1
826,430,5,4,2,3,4
827,1285,5,4,4,3,2
828,4028,1,1,3,1,2
829,4131,5,1,5,2,3
830,3697,2,3,1,1,4
831,2756,5,3,2,5,4
832,432,4,1,4,3,4
833,1276,2,5,3,3,4
834,1055,4,4,2,1,2
835,3492,4,1,1,2,3
836,589,3,4,2,2,1
837,1453,1,2,2,1,3
838,1400,1,1,2,3,4
839,3485,4,1,5,2,1
840,368,2,1,3,4,2
841,3632,1,2,2,2,2
842,2996,2,1,5,2,4
843,2126,5,1,2,4,1
844,1865,1,3,4,1,4
845,4605,4,2,3,1,1
846,4927,2,3,1,5,3
847,4541,3,5,2,1,2
848,4858,5,1,1,3,1
849,1185,2,5,5,2,5
850,2387,1,5,3,5,4
851,2053,5,4,4,2,1
852,2055,3,2,2,1,5
853,2595,5,4,5,2,4
854,528,5,5,3,3,4
855,3988,5,1,5,1,1
856,4641,3,3,5,2,4
857,2076,3,1,4,1,5
858,2530,2,2,5,1,1
859,3041,5,3,1,2,2
860,2448,3,4,5,5,5
861,2808,3,3,2,2,4
862,116,4,4,2,1,3
863,603,3,1,4,1,4
864,2686,3,5,2,5,3
865,3811,4,2,1,1,4
866,3897,3,1,4,1,3
867,1514,2,5,3,3,3
868,1295,5,2,3,1,1
869,2501,1,4,5,4,1
870,820,4,5,4,2,4
871,324,5,3,5,2,2
872,3912,4,2,5,5,1
873,1628,1,2,1,1,2
874,2965,1,5,2,2,3
875,778,3,4,2,1,2
876,2730,3,2,4,2,1
877,964,4,1,3,5,2
878,1822,3,2,5,1,2
879,3923,4,4,4,2,1
880,4956,3,3,5,1,2
881,4580,3,2,4,5,3
882,2319,2,1,4,2,4
883,4832,3,5,3,5,5
884,1369,2,4,1,3,3
885,1980,4,2,2,1,2
886,3839,5,5,2,4,3
887,725,1,3,5,3,3
888,3087,5,1,2,4,4
889,404,4,2,3,1,5
890,158,2,5,4,3,4
891,322,4,5,5,4,2
892,311,3,1,3,2,5
893,3578,4,1,4,2,1
894,1738,1,4,2,3,5
895,2084,1,4,2,2,1
896,3189,3,3,5,2,3
897,3142,4,2,1,5,3
898,4285,3,2,1,2,1
899,2810,3,3,2,2,3
900,3124,3,1,1,2,2
901,3688,4,2,5,4,4
902,3268,2,1,3,4,3
903,2944,4,2,1,4,4
904,1118,4,4,2,1,2
905,2351,4,1,4,1,3
906,768,4,5,1,4,3
907,1667,2,3,5,5,3
908,689,2,1,4,1,1
909,1222,1,2,4,1,4
910,3572,3,2,2,5,4
911,2994,1,1,4,1,4
912,2026,5,1,3,2,1
913,4307,1,5,4,1,4
914,3982,2,1,1,2,2
915,3643,2,1,3,5,3
916,670,2,2,2,2,3
917,356,5,1,1,5,1
918,1501,2,2,3,1,1
919,1126,5,4,1,2,3
920,1948,3,3,5,3,5
921,2904,2,1,3,5,5
922,1644,3,2,1,5,2
923,2275,2,3,3,4,2
924,2429,2,4,3,3,2
925,4055,4,4,2,3,4
926,2328,5,4,2,5,4
927,303,2,4,4,2,2
928,376,3,1,4,1,3
929,3685,1,4,5,1,4
930,4020,1,5,3,5,4
931,4745,3,4,4,1,5
932,1529,5,5,4,3,5
933,1536,4,3,4,3,1
934,1950,1,1,3,3,4
935,839,4,4,1,3,1
936,4247,2,4,4,3,4
937,2150,4,3,4,2,2
938,3017,2,5,2,2,2
939,3982,2,4,5,4,5
940,2849,5,3,3,4,1
941,3605,5,4,1,5,4
942,4740,2,5,5,3,1
943,4138,2,3,5,2,3
944,836,3,4,5,1,5
945,59,1,4,1,2,5
946,3005,2,2,1,5,4
947,2778,2,2,5,3,5
948,4165,2,2,5,2,3
949,3549,3,4,3,3,3
950,3409,1,1,5,5,4
951,2387,5,4,3,4,2
952,884,1,2,1,1,3
953,1844,5,1,5,5,2
954,340,3,5,4,4,3
955,2609,3,2,5,5,5
956,1590,1,1,1,3,4
957,2553,3,4,3,5,3
958,4293,2,5,4,3,3
959,2560,4,5,3,3,5
960,3234,1,2,3,1,5
961,4928,1,1,2,1,5
962,1224,1,4,2,3,2
963,2818,5,5,2,4,3
964,1822,4,3,1,3,1
965,4784,3,2,4,5,3
966,2716,3,4,5,5,5
967,2295,5,4,5,4,1
968,1375,2,4,3,4,1
969,4470,4,5,4,2,2
970,633,4,1,4,5,4
971,1175,5,1,4,2,1
972,4229,2,4,3,3,3
973,68,4,2,3,1,3
974,3059,4,5,3,2,4
975,3866,5,1,2,2,1
976,3879,4,1,3,1,4
977,1034,2,4,4,5,2
978,2247,3,1,4,4,5
979,533,4,4,2,1,2
980,971,2,5,5,5,4
981,1619,3,1,4,2,2
982,558,2,5,5,2,1
983,3073,5,2,2,1,5
984,2021,4,1,4,1,2
985,4758,2,5,2,4,5
986,2124,4,1,5,1,2
987,2643,4,2,4,2,3
988,3037,3,4,4,2,5
989,3224,3,2,5,2,3
990,3696,1,2,4,4,3
991,2393,5,2,2,5,4
992,3841,2,3,3,2,2
993,2417,5,4,1,5,2
994,4290,4,4,4,2,1
995,1211,4,1,2,5,5
996,3402,4,3,3,3,1
997,3029,2,4,2,4,1
998,2405,4,2,5,3,1
999,1601,2,2,4,5,4
1000,3252,2,5,2,2,1
1001,1550,2,1,4,1,2
1002,4201,3,3,4,1,3
1003,145,3,2,2,5,5
1004,550,2,3,3,2,4
1005,4425,5,1,4,3,1
1006,867,5,1,1,4,4
1007,216,5,2,4,1,3
1008,694,5,3,4,4,3
1009,926,2,1,2,2,2
1010,3788,4,5,3,1,1
1011,1753,2,4,3,2,2
1012,633,2,3,2,1,4
1013,4006,3,4,2,2,1
1014,3677,2,4,4,5,1
1015,2715,3,1,1,2,4
1016,3512,3,2,4,1,4
1017,4302,4,3,3,5,3
1018,2861,5,1,1,1,3
1019,542,1,5,5,2,2
1020,1679,5,1,3,2,3
1021,4341,1,2,5,5,1
1022,2962,3,4,5,1,3
1023,3741,4,2,3,2,4
1024,4311,2,4,3,3,4
1025,1781,1,1,5,2,1
1026,9,2,2,1,4,4
1027,1559,2,3,3,1,2
1028,1444,4,4,1,5,4
1029,1370,3,4,4,4,2
1030,1873,4,3,5,5,2
1031,2077,1,5,5,5,5
1032,1225,4,2,3,3,2
1033,3461,4,5,5,3,5
1034,278,4,1,4,4,4
1035,1582,2,1,2,3,3
1036,4884,2,3,4,2,2
1037,23,5,5,3,4,2
1038,1535,3,2,5,4,4
1039,2570,2,2,2,5,3
1040,1971,2,3,4,2,3
1041,3921,1,5,3,4,4
1042,233,4,5,3,1,2
1043,1145,1,1,2,3,2
1044,1903,1,4,5,1,3
1045,2233,5,4,2,2,5
1046,3603,4,2,2,4,3
1047,1025,5,2,5,1,1
1048,4356,2,1,4,1,4
1049,4822,4,2,2,5,1
1050,4370,5,5,1,2,4
1051,1167,4,2,1,2,2
1052,3321,5,3,2,3,4
1053,4174,4,4,4,5,5
1054,1533,4,1,4,4,3
1055,139,4,3,4,5,4
1056,4974,4,2,3,1,2
1057,636,3,2,4,1,5
1058,1384,2,5,1,1,4
1059,3555,5,3,2,5,1
1060,3942,4,3,4,2,1
1061,2185,1,2,2,5,1
1062,4198,5,5,1,4,3
1063,2678,4,1,2,5,1
1064,768,1,2,4,3,3
1065,1544,1,4,5,3,4
1066,2818,2,5,4,1,3
1067,4273,5,1,3,3,4
1068,852,1,3,4,4,2
1069,663,2,5,3,3,5
1070,1820,4,5,3,5,5
1071,158,1,1,4,1,5
1072,2387,3,2,5,2,2
1073,937,5,3,2,5,5
1074,4324,5,5,5,1,2
1075,2366,3,3,5,3,2
1076,756,5,5,5,3,4
1077,2973,2,3,2,2,3
1078,4972,3,5,5,3,4
1079,2828,5,1,5,1,2
1080,4106,2,2,1,2,3
1081,536,5,5,3,4,4
1082,1281,2,5,5,1,3
1083,2126,3,4,2,2,3
1084,4542,3,3,3,1,3
1085,1804,1,2,2,3,4
1086,4392,2,2,4,4,3
1087,4476,5,4,4,2,2
1088,4675,2,5,3,5,4
1089,1491,4,3,5,1,1
1090,2413,3,2,3,2,4
1091,1736,2,4,1,4,2
1092,4814,4,3,4,4,1
1093,515,4,1,1,2,3
1094,2180,2,4,1,2,5
1095,2274,5,3,4,4,4
1096,3253,1,1,4,4,3
1097,2479,1,1,2,3,2
1098,1063,3,5,4,1,1
1099,2181,1,3,5,2,1
1100,1918,4,1,5,1,4
1101,2667,4,2,2,5,3
1102,2086,3,2,2,3,2
1103,3151,5,5,3,1,5
1104,1354,2,2,1,5,5
1105,4867,4,5,2,4,5
1106,3968,4,1,1,5,4
1107,2656,4,4,1,3,5
1108,1110,5,2,4,5,4
1109,2748,1,4,1,3,4
1110,26,1,5,2,4,3
1111,461,3,4,1,2,4
1112,2440,4,1,3,3,5
1113,3186,2,2,5,4,2
1114,2089,1,1,3,5,3
1115,4425,2,3,1,3,2
1116,2036,4,1,3,1,3
1117,47,4,2,1,1,2
1118,1731,2,1,2,2,3
1119,3433,4,3,2,5,1
1120,1804,3,3,2,5,1
1121,3287,5,5,2,1,3
1122,5000,3,1,4,2,3
1123,3706,2,4,1,5,5
1124,63,1,2,1,2,5
1125,1291,2,5,3,2,5
1126,1651,3,4,4,5,1
1127,4140,2,1,3,2,4
1128,1770,5,4,3,3,5
1129,1921,2,1,2,4,3
1130,3640,4,5,5,1,5
1131,2181,5,5,2,2,2
1132,1606,4,5,5,3,4
1133,4981,3,5,4,5,3
1134,4723,5,1,5,1,3
1135,2384,2,5,4,5,4
1136,573,2,5,1,2,1
1137,2599,4,5,5,1,5
1138,2652,3,1,2,1,2
1139,1963,1,1,5,5,3
1140,3501,2,3,4,3,4
1141,2329,4,3,1,4,2
1142,2141,3,2,4,3,2
1143,2196,3,4,3,1,5
1144,1136,1,2,5,2,2
1145,489,2,1,5,3,1
1146,2117,4,5,2,5,3
1147,3122,2,3,1,5,1
1148,2599,3,1,3,1,2
1149,2071,4,2,5,3,4
1150,4953,2,3,4,2,1
1151,3668,5,2,3,4,4
1152,1820,5,1,5,4,3
1153,3511,5,4,1,1,4
1154,3496,1,1,4,1,3
1155,2512,3,4,5,4,1
1156,4310,5,3,2,1,5
1157,54,1,2,4,3,3
1158,1495,5,5,3,3,5
1159,2104,2,4,2,2,1
1160,367,5,3,3,4,5
1161,3184,4,5,4,4,5
1162,826,2,2,2,4,2
1163,3753,2,5,4,5,2
1164,4867,3,1,2,1,3
1165,1049,1,3,1,1,1
1166,525,1,2,2,3,1
1167,3374,4,4,3,3,1
1168,4200,1,4,2,3,1
1169,2408,3,5,4,4,1
1170,2594,4,5,4,3,4
1171,427,2,2,2,1,2
1172,2300,1,5,5,3,4
1173,3565,1,1,4,5,5
1174,828,4,1,1,1,4
1175,2301,5,1,5,3,4
1176,1425,1,1,5,1,2
1177,4324,5,2,1,5,3
1178,2192,5,3,4,5,2
1179,4490,5,2,4,2,5
1180,3921,5,5,1,5,4
1181,3484,2,1,1,1,5
1182,2084,5,2,4,5,3
1183,843,3,3,3,5,4
1184,638,1,2,4,2,5
1185,3042,4,2,5,1,3
1186,737,2,3,4,3,1
1187,3397,2,5,1,2,5
1188,2210,1,3,5,2,2
1189,3597,4,2,4,1,2
1190,1807,4,4,4,2,3
1191,3526,2,5,3,2,2
1192,2698,4,1,1,3,3
1193,599,4,4,4,4,5
1194,539,5,1,1,4,3
1195,4245,1,2,2,5,5
1196,3851,5,5,5,2,2
1197,4839,2,3,5,1,5
1198,1806,5,5,4,4,2
1199,2416,4,5,3,1,1
1200,1450,1,2,1,3,3
1201,4719,5,5,1,2,1
1202,2922,4,2,5,1,5
1203,4184,4,4,3,3,5
1204,3606,3,3,3,1,1
1205,2201,2,5,4,5,2
1206,994,2,2,2,3,5
1207,3811,1,3,2,4,3
1208,2965,4,5,3,2,3
1209,4790,5,1,2,4,5
1210,4948,3,2,1,5,4
1211,4396,4,2,4,5,2
1212,2057,4,3,4,5,3
1213,4448,4,2,1,2,1
1214,3596,4,5,3,3,5
1215,3502,3,1,4,4,3
1216,483,1,3,3,1,5
1217,1080,2,2,2,2,1
1218,2239,1,3,5,1,3
1219,3835,3,3,5,3,4
1220,1040,1,5,2,2,1
1221,2846,2,2,3,2,1
1222,4591,4,5,4,1,4
1223,1569,3,5,2,3,5
1224,3154,1,1,3,4,4
1225,2802,1,2,1,3,5
1226,4985,5,3,4,3,3
1227,4922,2,4,5,1,3
1228,2257,2,2,1,1,4
1229,1999,3,2,1,4,5
1230,4184,3,3,3,5,5
1231,4493,4,5,2,3,4
1232,1642,5,3,1,5,1
1233,3806,3,2,1,3,3
1234,2115,3,5,4,3,5
1235,1609,2,5,2,4,4
1236,2679,3,3,1,5,4
1237,2399,1,1,3,2,3
1238,1147,1,4,2,1,2
1239,4784,3,4,4,5,2
1240,3549,2,3,1,1,4
1241,1872,5,4,3,1,4
1242,710,4,2,4,1,2
1243,4351,4,3,4,3,1
1244,2125,3,4,1,5,1
1245,30,3,2,3,2,2
1246,489,2,1,5,2,3
1247,3642,2,1,3,5,2
1248,4935,3,5,2,4,3
1249,2130,5,4,5,2,3
1250,3664,4,3,5,5,4
1251,1681,3,1,3,1,5
1252,3824,2,2,5,2,5
1253,726,5,5,5,1,1
1254,2786,1,3,5,3,4
1255,2510,5,4,2,5,2
1256,3807,3,3,4,4,2
1257,4713,1,5,1,1,3
1258,4542,1,4,3,5,3
1259,3633,5,5,3,3,3
1260,3519,1,4,1,2,4
1261,2845,2,4,4,1,2
1262,3242,2,3,2,3,3
1263,1207,3,5,5,4,3
1264,4681,3,4,5,3,4
1265,489,5,2,5,4,1
1266,2511,5,1,4,2,1
1267,3542,1,3,3,2,1
1268,4086,1,1,5,2,5
1269,2810,4,1,2,5,4
1270,3051,1,4,3,5,5
1271,122,1,5,2,5,4
1272,741,5,4,4,5,4
1273,1090,1,4,3,1,2
1274,3576,2,3,3,5,5
1275,1552,2,2,3,2,5
1276,1857,2,2,2,1,1
1277,1405,4,2,1,3,2
1278,4857,2,5,5,3,5
1279,837,5,2,1,5,5
1280,2739,4,2,4,1,5
1281,886,1,1,2,2,3
1282,3329,3,1,4,3,4
1283,2698,4,3,2,4,5
1284,479,1,4,4,4,1
1285,261,4,4,4,2,1
1286,4068,4,4,5,4,5
1287,3045,1,3,4,4,4
1288,2899,4,1,1,5,1
1289,1785,4,5,4,4,4
1290,4757,4,1,1,5,4
1291,4187,2,5,4,5,2
1292,1611,2,5,2,2,2
1293,3330,5,5,5,3,5
1294,4061,5,5,4,1,3
1295,2547,4,5,1,1,4
1296,4945,5,1,1,3,3
1297,2778,1,5,3,1,4
1298,2841,5,4,4,5,1
1299,2159,4,2,1,5,3
1300,286,1,5,2,2,2
1301,4393,4,5,5,3,4
1302,4739,4,2,2,3,4
1303,4650,5,4,1,5,5
1304,2896,3,3,1,2,1
1305,1944,2,1,4,3,2
1306,2667,4,4,5,1,3
1307,4096,5,5,4,3,1
1308,606,5,3,2,1,3
1309,3102,5,2,1,2,2
1310,1643,3,5,1,1,5
1311,442,1,4,3,1,3
1312,2295,2,2,2,4,2
1313,3157,1,4,1,2,5
1314,1614,3,3,1,4,3
1315,613,2,1,2,2,5
1316,4956,5,3,3,4,5
1317,3915,1,2,3,5,5
1318,888,1,2,4,4,1
1319,2723,4,4,3,1,1
1320,773,2,3,4,3,4
1321,4273,4,4,1,4,2
1322,1483,2,5,3,4,4
1323,155,4,5,3,1,5
1324,3016,3,4,4,1,4
1325,2664,4,5,2,4,1
1326,4023,3,5,3,5,5
1327,3013,1,1,1,1,5
1328,3038,4,2,2,1,3
1329,2942,2,4,5,4,5
1330,2182,3,5,5,2,3
1331,114,1,1,4,2,5
1332,4431,4,1,1,4,3
1333,4818,1,4,2,1,2
1334,3296,3,3,5,4,1
1335,2547,5,3,5,3,5
1336,1681,4,2,2,1,3
1337,1934,5,1,1,4,5
1338,495,5,3,3,2,5
1339,4446,1,2,3,1,4
1340,2042,3,3,1,2,1
1341,3218,2,4,3,5,5
1342,2842,2,1,5,3,4
1343,848,4,3,4,2,1
1344,3697,1,5,4,2,3
1345,2589,2,5,3,4,5
1346,1642,4,2,5,4,3
1347,4763,5,3,1,4,3
1348,2080,3,2,2,5,5
1349,3915,5,4,2,5,5
1350,756,5,4,1,5,4
1351,1351,5,3,3,1,4
1352,78,5,3,2,5,5
1353,4044,5,2,5,4,2
1354,2981,1,3,4,3,3
1355,2641,4,1,5,1,5
1356,569,2,3,5,4,5
1357,3079,4,2,1,2,3
1358,740,5,3,4,2,5
1359,3855,2,2,4,4,4
1360,82,3,5,1,5,2
1361,4696,1,3,4,2,3
1362,4639,1,4,2,5,3
1363,2798,4,1,4,3,4
1364,2309,2,3,2,4,1
1365,2857,2,1,1,4,3
1366,3160,2,5,2,1,4
1367,4883,4,1,3,3,2
1368,1862,3,1,5,4,5
1369,889,5,1,3,5,4
1370,1785,3,1,4,3,1
1371,3416,1,1,3,2,3
1372,152,1,1,2,5,2
1373,345,3,4,2,2,1
1374,1434,4,4,2,1,4
1375,3707,2,1,1,2,5
1376,178,4,4,2,1,4
1377,4755,3,1,2,5,1
1378,19,1,2,2,3,5
1379,4029,2,5,4,2,5
1380,2107,5,3,5,4,4
1381,1680,3,3,2,5,4
1382,1407,5,2,1,4,4
1383,3030,5,2,2,3,4
1384,729,5,1,4,3,1
1385,1422,3,1,3,1,2
1386,753,1,4,2,5,5
1387,2971,1,1,4,4,2
1388,80,5,5,2,4,3
1389,177,4,1,1,1,2
1390,1924,3,3,2,4,1
1391,149,3,1,4,2,5
1392,532,2,2,2,2,2
1393,4056,4,4,5,1,1
1394,4087,2,2,5,2,5
1395,4994,2,2,4,2,2
1396,1870,1,3,1,5,4
1397,1518,4,3,1,4,5
1398,588,3,1,3,4,1
1399,1262,5,4,1,4,2
1400,1366,1,4,5,1,4
1401,2227,3,5,1,3,4
1402,3596,3,1,4,4,4
1403,586,2,3,4,3,4
1404,4154,2,1,1,5,2
1405,4884,5,4,5,2,4
1406,2961,4,4,2,2,1
1407,2087,5,1,1,2,5
1408,2324,5,2,4,5,5
1409,1577,5,3,3,2,2
1410,4503,3,3,1,1,3
1411,2301,3,2,5,5,4
1412,1547,5,3,2,5,5
1413,464,4,2,5,5,5
1414,519,3,4,3,2,5
1415,4923,4,4,2,2,5
1416,1013,5,4,2,2,3
1417,3307,5,4,5,3,2
1418,778,5,4,1,1,2
1419,4123,3,1,4,3,5
1420,3350,1,3,1,5,5
1421,3472,2,4,2,1,3
1422,2247,4,5,3,1,3
1423,401,2,5,4,5,2
1424,195,5,3,4,2,3
1425,1375,2,2,5,3,4
1426,173,1,3,5,1,5
1427,779,4,2,1,3,3
1428,4547,4,5,1,4,2
1429,996,5,2,3,2,2
1430,3146,3,1,4,2,5
1431,4023,3,1,1,5,3
1432,3359,2,4,4,2,1
1433,622,1,3,2,2,2
1434,4648,4,3,5,3,5
1435,4221,1,3,2,2,2
1436,4253,4,4,2,2,1
1437,4605,5,5,3,5,5
1438,2480,2,1,1,1,2
1439,3487,4,5,1,5,5
1440,2617,4,4,3,4,5
1441,187,4,1,5,3,2
1442,1243,2,1,3,4,3
1443,4787,1,5,5,1,3
1444,343,5,1,3,2,5
1445,446,2,5,1,3,3
1446,1061,1,1,4,1,3
1447,1630,2,2,1,1,5
1448,1645,5,5,5,2,4
1449,2584,4,1,1,5,2
1450,1121,1,1,1,1,4
1451,3075,2,1,2,5,2
1452,2738,2,5,4,5,4
1453,4225,4,2,1,3,1
1454,197,3,2,1,3,5
1455,2027,3,5,2,2,2
1456,760,3,5,5,5,1
1457,1869,3,5,3,2,3
1458,72,2,3,4,3,1
1459,1164,1,2,5,5,4
1460,961,3,2,2,5,5
1461,4676,3,3,1,5,4
1462,1385,3,4,1,2,5
1463,2171,3,5,1,2,2
1464,4157,2,3,5,3,2
1465,4484,4,4,5,4,1
1466,4774,1,5,2,2,5
1467,3994,1,3,5,5,1
1468,402,3,3,2,3,5
1469,4835,3,4,3,4,5
1470,2470,3,1,5,4,5
1471,637,1,1,4,3,3
1472,4398,1,1,4,2,4
1473,3411,4,5,3,4,2
1474,4275,5,4,2,3,3
1475,4737,3,1,3,3,2
1476,167,5,1,2,1,1
1477,1437,1,4,1,3,5
1478,1689,2,3,5,1,4
1479,2045,2,4,2,4,1
1480,2965,4,3,1,1,1
1481,4546,5,1,3,5,1
1482,64,2,3,4,3,3
1483,1392,4,1,1,5,4
1484,3921,2,2,3,1,4
1485,1240,5,1,4,3,5
1486,1065,3,4,4,1,2
1487,3247,3,1,2,5,1
1488,967,1,5,5,4,4
1489,543,3,5,3,5,4
1490,2638,3,5,2,5,4
1491,4782,4,2,2,1,5
1492,1820,1,5,2,4,2
1493,1362,4,4,1,2,3
1494,1513,5,5,5,4,5
1495,1894,2,2,4,4,2
1496,702,1,1,1,1,2
1497,1809,5,1,1,1,3
1498,4753,2,3,3,1,1
1499,2504,4,4,3,5,3
1500,912,1,4,1,5,5
1501,4780,3,4,1,3,1
1502,4615,1,3,2,1,5
1503,3502,5,3,5,3,2
1504,1917,3,3,2,4,1
1505,160,5,5,3,2,3
1506,2484,1,5,4,5,4
1507,1147,3,3,4,3,1
1508,3734,2,4,2,2,5
1509,901,4,3,5,3,1
1510,3078,3,5,3,2,4
1511,1243,4,2,1,4,5
1512,2049,1,3,2,5,3
1513,3138,1,1,5,3,4
1514,2384,5,5,2,3,2
1515,1961,1,5,4,4,5
1516,3156,5,3,1,3,2
1517,3597,2,1,2,2,5
1518,4358,3,5,4,1,5
1519,912,1,5,4,2,5
1520,776,4,1,5,2,1
1521,193,3,4,1,2,3
1522,182,1,1,3,4,4
1523,1651,2,3,5,3,2
1524,1826,4,2,1,4,2
1525,4357,1,4,2,5,5
1526,3062,3,3,4,5,2
1527,1213,2,3,4,4,1
1528,3665,3,4,1,4,4
1529,3441,5,3,5,2,5
1530,2737,5,4,1,1,3
1531,1792,2,4,1,1,1
1532,1077,1,3,3,4,5
1533,468,5,1,4,3,1
1534,3527,2,3,4,4,2
1535,4953,5,1,3,5,4
1536,1301,5,4,4,5,1
1537,3430,1,3,5,5,4
1538,338,2,5,4,2,4
1539,2891,4,3,4,3,5
1540,2429,1,4,1,1,5
1541,3545,3,1,3,1,5
1542,4190,3,5,5,5,3
1543,2719,5,4,5,3,3
1544,39,4,3,3,4,3
1545,819,3,5,3,2,2
1546,3972,2,1,4,3,3
1547,414,1,5,2,1,2
1548,1351,3,2,2,2,2
1549,2580,4,2,4,5,4
1550,2274,3,4,4,1,5
1551,2234,1,4,3,5,5
1552,2255,4,3,5,3,3
1553,3588,3,2,5,4,2
1554,4446,3,1,3,2,1
1555,3965,1,3,2,2,1
1556,4055,2,4,2,1,3
1557,272,2,2,1,2,1
1558,1357,1,5,2,3,5
1559,4342,4,3,5,2,5
1560,754,2,4,3,3,3
1561,4482,2,1,5,1,3
1562,2831,5,3,2,1,2
1563,38,4,5,4,4,2
1564,656,4,4,5,5,1
1565,1560,2,4,2,1,4
1566,1530,3,4,4,3,2
1567,2533,2,3,5,1,2
1568,3932,1,3,5,3,5
1569,601,2,2,3,1,1
1570,1512,3,4,3,3,3
1571,4937,1,4,1,1,3
1572,1081,5,3,5,1,4
1573,483,4,3,3,5,5
1574,4416,5,1,2,4,1
1575,3086,2,2,3,4,4
1576,2742,1,1,1,5,5
1577,4310,4,2,3,4,2
1578,2756,1,3,3,3,5
1579,3141,3,4,4,3,2
1580,315,4,1,3,4,4
1581,265,4,5,3,5,1
1582,399,5,3,2,2,3
1583,4064,5,4,2,4,3
1584,2629,4,4,2,5,4
1585,4944,1,1,1,4,1
1586,1014,4,3,5,5,5
1587,2694,1,4,4,1,2
1588,4314,5,4,5,5,3
1589,1084,4,3,1,2,3
1590,4305,4,2,1,3,1
1591,1964,4,2,5,3,3
1592,3320,5,5,4,2,3
1593,1986,3,5,2,3,2
1594,104,5,4,2,2,4
1595,247,4,5,2,2,4
1596,434,5,5,1,3,4
1597,619,4,5,3,3,4
1598,4702,2,5,4,1,5
1599,2986,2,1,3,2,1
1600,1906,4,4,5,1,4
1601,4000,3,5,1,5,2
1602,2334,1,5,4,1,1
1603,210,3,3,5,5,2
1604,4467,2,3,4,5,1
1605,344,2,1,2,4,1
1606,2346,3,4,4,2,1
1607,3636,3,4,4,5,3
1608,1167,4,5,2,4,5
1609,4089,3,1,2,4,4
1610,4975,1,1,3,4,2
1611,3122,4,4,5,3,3
1612,3524,2,1,2,3,4
1613,3060,3,5,1,1,2
1614,1206,3,5,3,4,2
1615,4749,3,4,4,5,4
1616,2683,1,2,1,5,1
1617,3623,2,2,1,4,1
1618,2575,5,2,5,2,5
1619,2041,2,2,5,1,3
1620,1439,1,4,2,2,5
1621,4049,1,5,3,5,1
1622,3998,1,4,1,2,5
1623,121,4,1,4,5,2
1624,3736,4,5,1,1,5
1625,330,2,5,2,1,5
1626,110,3,2,4,2,2
1627,3762,3,2,4,4,5
1628,1215,5,1,3,5,2
1629,3212,5,2,2,4,3
1630,1217,5,4,5,3,4
1631,3814,4,3,1,3,4
1632,2072,4,4,3,2,5
1633,4182,3,3,1,1,1
1634,3552,2,5,2,3,1
1635,776,4,5,1,1,1
1636,461,3,1,4,4,5
1637,2195,3,1,1,1,1
1638,4786,5,4,1,3,3
1639,4499,4,3,4,4,4
1640,4383,3,4,2,5,1
1641,3032,4,5,3,5,3
1642,1337,2,1,5,5,2
1643,2230,3,3,3,5,5
1644,841,3,3,1,5,1
1645,1866,1,2,4,1,4
1646,100,3,3,5,2,5
1647,409,1,5,2,4,4
1648,3453,1,3,2,4,4
1649,2555,1,3,5,2,5
1650,824,4,2,3,3,1
1651,4998,3,1,4,5,4
1652,2136,2,2,3,4,5
1653,341,2,4,4,2,4
1654,2373,1,4,5,1,2
1655,4773,3,4,1,3,2
1656,2507,5,2,4,3,2
1657,3260,4,2,3,1,4
1658,3108,1,3,1,5,2
1659,2276,1,1,4,4,4
1660,4409,5,5,5,1,1
1661,4744,2,5,5,3,1
1662,3379,2,5,5,1,5
1663,2290,4,1,2,5,5
1664,348,2,3,3,5,4
1665,4943,3,3,5,1,5
1666,2897,5,4,5,4,2
1667,4123,1,3,3,2,3
1668,4408,4,2,3,5,3
1669,3566,3,3,1,4,2
1670,1180,1,1,1,1,4
1671,772,5,1,5,1,5
1672,3797,5,5,4,2,1
1673,1634,5,2,1,2,4
1674,2824,2,1,1,2,4
1675,2654,1,3,2,4,2
1676,416,4,2,4,2,5
1677,2182,1,1,3,4,4
1678,1845,4,2,5,1,2
1679,2433,2,5,2,5,2
1680,617,3,5,1,4,5
1681,4073,2,1,4,2,2
1682,306,4,3,1,5,1
1683,2313,3,4,4,3,4
1684,611,1,1,5,1,4
1685,4214,5,1,5,4,3
1686,2815,5,5,1,2,1
1687,2059,4,4,5,2,4
1688,4677,1,5,1,4,2
1689,4659,1,5,1,1,4
1690,119,2,2,1,1,3
1691,4005,4,1,5,4,5
1692,1897,1,1,1,5,1
1693,676,3,1,1,5,2
1694,2393,3,1,3,2,4
1695,4441,2,5,3,5,5
1696,727,5,4,5,5,4
1697,638,4,5,5,3,4
1698,3041,1,1,3,2,4
1699,4795,3,3,2,4,3
1700,1102,1,3,2,4,2
1701,3232,5,5,2,4,2
1702,1497,5,5,3,5,1
1703,4106,3,5,2,1,3
1704,1431,2,1,5,4,3
1705,3697,3,3,3,4,3
1706,4179,1,2,5,1,5
1707,1088,1,4,2,3,3
1708,1695,5,3,1,2,3
1709,2895,4,5,3,1,2
1710,683,2,3,5,5,2
1711,2848,2,1,3,4,2
1712,3973,1,1,2,3,2
1713,1310,5,4,1,2,1
1714,4294,3,4,5,1,5
1715,1796,1,1,1,5,4
1716,4871,4,2,5,3,5
1717,4961,4,1,3,2,5
1718,2913,1,4,4,3,1
1719,3841,5,1,1,1,2
1720,308,5,3,5,4,3
1721,3220,4,3,2,5,5
1722,4308,3,4,5,4,1
1723,800,4,3,5,5,3
1724,352,4,1,3,4,2
1725,2396,2,2,4,1,5
1726,3100,5,3,3,1,2
1727,2023,4,4,5,1,3
1728,1486,4,5,4,1,5
1729,4847,1,3,3,3,3
1730,4593,3,2,5,4,5
1731,2146,1,5,2,1,5
1732,1354,2,3,1,5,1
1733,4352,4,3,5,1,3
1734,1536,1,3,3,1,1
1735,2351,5,2,5,4,1
1736,2907,2,2,3,5,2
1737,3082,5,3,5,3,1
1738,746,4,3,5,1,2
1739,1900,3,2,1,4,5
1740,888,4,5,1,3,3
1741,2527,5,4,5,3,4
1742,2448,1,3,5,2,4
1743,4204,5,1,3,2,5
1744,4916,4,4,1,3,2
1745,740,2,1,1,3,1
1746,7,1,2,5,5,2
1747,2741,2,1,4,2,4
1748,3971,2,1,1,1,1
1749,4479,1,4,2,3,2
1750,4304,1,4,2,1,2
1751,3705,1,1,1,5,3
1752,1521,2,5,5,5,5
1753,3329,3,2,5,1,4
1754,3104,1,4,4,3,3
1755,731,4,1,3,2,1
1756,1788,3,2,5,1,4
1757,135,4,3,5,4,4
1758,3562,4,5,5,3,3
1759,440,4,4,3,1,5
1760,2906,1,3,3,3,5
1761,1327,2,5,5,5,3
1762,2368,1,2,1,1,2
1763,2679,5,1,4,3,5
1764,809,3,3,2,4,5
1765,789,3,5,4,3,2
1766,315,4,1,4,4,5
1767,1768,4,2,5,5,1
1768,2231,1,1,5,4,4
1769,4151,5,2,4,4,5
1770,1439,4,2,2,1,2
1771,1817,1,4,2,4,5
1772,4514,4,5,2,4,1
1773,1489,5,3,1,2,3
1774,2596,1,5,1,2,4
1775,3579,3,5,3,5,1
1776,3343,1,2,3,3,2
1777,2064,1,4,4,2,5
1778,3744,5,2,5,4,1
1779,3330,4,4,4,1,5
1780,4513,3,1,2,3,2
1781,3209,2,4,3,1,4
1782,2015,1,3,3,4,3
1783,2657,4,1,2,5,3
1784,4278,3,5,5,2,2
1785,2319,5,4,2,2,4
1786,4397,3,4,1,5,5
1787,3164,2,5,4,1,3
1788,4077,4,3,4,3,4
1789,2078,5,4,2,5,2
1790,4832,4,3,2,2,2
1791,1007,5,2,3,2,3
1792,3085,3,4,4,2,3
1793,2321,4,4,4,4,4
1794,3817,1,2,2,5,1
1795,625,2,2,5,4,5
1796,3228,1,1,2,1,1
1797,4099,4,2,5,2,5
1798,2938,5,5,2,4,4
1799,4200,1,4,4,2,5
1800,32,5,3,3,4,1
1801,4878,2,2,3,4,5
1802,1816,5,2,1,1,4
1803,4938,3,2,2,2,5
1804,4606,5,3,3,3,1
1805,2007,4,2,2,5,4
1806,1473,4,1,4,5,5
1807,4930,2,3,5,4,5
1808,4266,4,5,3,4,5
1809,797,3,3,5,4,1
1810,2612,1,2,3,5,2
1811,2088,4,4,5,1,1
1812,4764,5,5,4,4,5
1813,993,2,5,2,3,2
1814,3454,5,4,2,4,3
1815,3825,5,1,1,4,1
1816,2461,1,1,1,5,3
1817,259,1,2,5,4,4
1818,4628,3,4,4,3,4
1819,1692,4,1,5,1,5
1820,4659,5,1,5,4,4
1821,2669,5,2,4,4,1
1822,3094,2,4,5,1,5
1823,1671,2,4,4,5,2
1824,2868,2,3,3,1,3
1825,4937,3,5,2,4,1
1826,3965,1,2,5,3,1
1827,3711,5,2,3,1,4
1828,3227,4,3,2,3,1
1829,180,1,2,4,5,4
1830,4505,1,3,4,1,3
1831,917,5,5,2,1,3
1832,677,5,1,3,5,3
1833,3193,5,1,3,3,3
1834,3792,5,1,3,2,3
1835,2559,2,3,2,4,1
1836,363,3,4,5,3,1
1837,2847,1,2,2,4,2
1838,1706,1,5,3,5,5
1839,1931,3,2,5,3,4
1840,597,3,5,2,5,1
1841,3088,5,2,4,4,1
1842,4200,3,3,5,2,2
1843,2898,4,3,2,5,3
1844,1579,4,5,1,1,4
1845,3209,4,4,4,1,3
1846,2393,1,4,5,4,5
1847,4545,5,4,4,2,3
1848,3015,2,5,5,3,4
1849,4506,1,3,4,2,4
1850,720,4,3,2,4,3
1851,1164,4,5,1,5,5
1852,1719,5,1,2,4,4
1853,2341,5,2,1,3,2
1854,898,5,3,4,2,2
1855,4695,3,2,2,1,2
1856,4731,3,4,5,4,1
1857,4255,2,5,1,1,5
1858,2826,5,5,4,5,5
1859,3445,5,5,1,2,4
1860,3682,2,1,4,4,3
1861,1688,5,5,4,5,2
1862,4710,1,2,1,4,5
1863,1021,5,1,3,5,4
1864,3642,1,3,4,4,1
1865,715,2,2,1,1,5
1866,947,5,5,4,2,1
1867,2535,1,1,1,1,5
1868,4119,2,4,1,3,5
1869,130,2,2,4,3,2
1870,935,4,2,3,3,1
1871,971,4,2,2,2,3
1872,2198,3,5,5,5,4
1873,1894,1,1,2,2,2
1874,3452,5,3,5,4,3
1875,49,2,1,5,5,4
1876,4394,4,3,5,1,3
1877,4368,4,4,3,4,1
1878,1282,5,2,2,3,4
1879,3573,5,1,3,2,3
1880,1171,3,4,5,1,5
1881,1576,4,2,4,4,5
1882,4903,3,3,1,5,4
1883,1892,3,2,5,1,5
1884,4916,3,1,4,4,1
1885,3905,1,2,4,5,4
1886,379,5,1,4,2,3
1887,2119,3,2,4,5,1
1888,1758,3,3,5,4,5
1889,3995,3,2,2,5,1
1890,4984,3,5,1,5,4
1891,3844,5,1,1,5,1
1892,4244,2,4,1,2,3
1893,3223,4,5,1,5,2
1894,2022,4,1,2,3,2
1895,2625,4,2,3,4,2
1896,715,5,5,5,3,2
1897,161,1,1,3,2,3
1898,3449,2,1,2,4,3
1899,1538,5,5,1,4,3
1900,2392,5,1,4,5,4
1901,1512,3,5,4,5,5
1902,2731,5,1,2,1,2
1903,1226,4,1,1,3,5
1904,777,1,4,5,4,5
1905,1150,5,5,4,5,1
1906,2891,4,2,4,3,5
1907,4281,4,1,2,4,3
1908,3672,2,5,4,2,5
1909,267,4,3,2,4,5
1910,2846,4,5,3,5,1
1911,2886,3,3,4,3,1
1912,1396,1,1,2,1,3
1913,2692,2,4,2,3,4
1914,1404,3,4,5,3,1
1915,28,2,4,5,1,1
1916,864,3,2,5,1,5
1917,2610,5,5,5,3,1
1918,2342,1,3,4,3,2
1919,3112,3,2,3,5,3
1920,3019,4,2,5,1,4
1921,33,1,2,5,3,4
1922,1844,1,4,2,5,5
1923,149,3,5,4,4,2
1924,384,4,4,1,5,3
1925,4094,3,4,2,1,4
1926,1959,2,2,1,5,4
1927,3853,1,2,3,1,1
1928,1131,4,1,2,2,1
1929,270,1,3,2,4,3
1930,1209,1,4,2,3,1
1931,3180,3,1,5,1,3
1932,137,5,1,3,4,3
1933,4242,5,5,2,5,2
1934,374,5,3,5,3,1
1935,4808,5,5,4,5,4
1936,935,4,4,1,2,2
1937,1510,3,1,2,2,4
1938,2747,4,4,4,3,5
1939,2818,4,2,5,5,4
1940,1607,4,4,3,3,2
1941,4334,4,4,1,1,2
1942,2717,2,3,2,1,1
1943,3105,4,5,1,4,1
1944,2854,5,1,5,2,5
1945,4499,5,1,1,1,1
1946,4748,3,5,4,1,1
1947,1630,4,3,2,5,1
1948,4831,5,4,1,3,4
1949,1357,3,1,5,3,2
1950,3546,3,5,3,2,5
1951,355,5,5,5,1,2
1952,3961,5,3,2,1,3
1953,363,3,2,4,5,4
1954,3058,4,2,5,1,5
1955,1723,2,1,2,2,1
1956,2631,5,4,1,1,4
1957,2640,4,2,3,4,1
1958,3805,4,2,2,5,2
1959,3282,4,2,2,4,2
1960,3471,3,1,4,4,4
1961,3739,5,5,1,3,4
1962,4627,4,4,4,3,5
1963,772,3,1,1,5,5
1964,2168,1,4,2,1,5
1965,2186,3,2,4,1,1
1966,2327,5,3,4,4,2
1967,4846,1,5,4,1,3
1968,3156,4,1,1,2,5
1969,2063,3,3,4,5,4
1970,1184,3,2,1,4,3
1971,2147,1,3,1,3,2
1972,369,3,2,4,1,3
1973,4014,2,3,3,2,5
1974,3111,4,4,5,5,3
1975,469,3,2,3,3,1
1976,152,4,5,5,5,4
1977,598,3,2,4,4,1
1978,2753,2,5,4,4,1
1979,3944,4,5,1,3,2
1980,4949,3,2,2,4,1
1981,4462,2,5,2,3,3
1982,3671,3,3,2,2,1
1983,2491,5,4,1,4,5
1984,4209,2,1,2,3,4
1985,2025,1,1,3,3,1
1986,4753,4,1,1,2,2
1987,494,1,4,2,2,1
1988,1451,5,1,1,1,5
1989,4682,3,5,2,5,1
1990,3119,4,1,1,3,5
1991,4026,5,2,3,2,5
1992,1715,3,4,2,3,4
1993,1568,5,5,1,2,4
1994,4733,5,4,2,4,3
1995,1549,1,5,4,1,3
1996,1069,1,1,5,3,2
1997,2185,1,4,3,5,1
1998,2906,1,4,5,3,2
1999,4081,5,3,5,4,5
2000,4931,1,4,2,3,2
2001,2065,1,4,3,2,5
2002,1496,2,2,2,5,1
2003,4367,5,5,1,5,1
2004,595,3,3,2,5,5
2005,833,3,1,4,1,4
2006,3608,4,4,2,3,4
2007,114,5,3,3,3,1
2008,4582,3,3,5,3,3
2009,2555,4,2,1,3,2
2010,3789,3,3,5,3,2
2011,1517,2,4,5,4,5
2012,2279,4,5,3,5,5
2013,2030,3,4,5,4,4
2014,3255,3,2,5,2,1
2015,3766,4,5,3,1,3
2016,1663,2,5,2,4,5
2017,3539,3,3,4,5,1
2018,1500,3,2,2,1,2
2019,4277,4,1,4,5,5
2020,658,4,4,3,2,1
2021,3339,1,4,3,4,1
2022,2730,1,2,5,2,2
2023,998,3,5,2,2,3
2024,2151,2,5,1,1,5
2025,4931,3,5,2,5,3
2026,2402,2,1,1,3,1
2027,2859,1,1,1,5,4
2028,3097,1,5,3,3,3
2029,3010,4,1,3,2,5
2030,541,5,5,4,2,2
2031,2950,1,3,3,3,2
2032,2290,1,3,5,1,5
2033,3790,5,2,3,3,1
2034,3624,3,2,5,2,1
2035,3939,2,4,1,4,3
2036,1162,5,2,3,3,2
2037,2316,4,4,3,3,1
2038,115,4,1,5,2,5
2039,1077,1,5,2,1,3
2040,1061,5,5,5,5,2
2041,1656,4,4,2,3,1
2042,126,2,3,1,1,2
2043,1833,1,5,5,5,4
2044,1567,5,1,3,4,2
2045,4756,2,5,1,3,3
2046,788,3,4,3,2,4
2047,1227,5,4,4,5,4
2048,2217,5,2,2,5,2
2049,3414,1,4,2,4,2
2050,1692,4,4,3,4,1
2051,4313,3,5,2,1,2
2052,22,5,1,1,3,4
2053,3234,3,1,5,4,2
2054,3085,1,2,4,5,5
2055,1947,2,1,3,4,4
2056,4820,5,2,1,3,5
2057,1618,1,1,5,2,3
2058,783,4,2,1,1,5
2059,4339,1,3,4,5,4
2060,3504,4,3,4,5,1
2061,1947,4,1,1,4,1
2062,4941,5,3,1,3,4
2063,285,3,3,1,3,1
2064,3259,4,3,1,4,5
2065,1391,1,1,3,2,3
2066,3041,4,1,5,5,3
2067,553,2,5,2,1,4
2068,4272,1,2,3,5,3
2069,2527,1,3,3,1,3
2070,3351,2,3,3,2,3
2071,1526,3,1,5,3,5
2072,4446,1,4,4,3,3
2073,3140,3,4,1,5,1
2074,2886,4,3,5,5,2
2075,3728,3,5,5,4,1
2076,4037,3,4,2,5,1
2077,2441,1,4,2,2,1
2078,4211,1,1,1,3,2
2079,2376,4,3,5,4,5
2080,25,1,2,2,3,5
2081,419,4,3,5,2,4
2082,1078,5,2,3,2,3
2083,3011,5,3,5,1,4
2084,2776,3,1,4,3,4
2085,1094,3,5,1,4,2
2086,1365,4,4,2,4,5
2087,1099,2,3,1,3,1
2088,3152,5,3,2,3,5
2089,1998,5,3,5,5,5
2090,4353,1,4,3,1,1
2091,1439,1,4,5,2,4
2092,3006,3,5,1,5,1
2093,452,2,5,5,3,3
2094,4681,5,4,4,2,4
2095,1419,3,4,5,4,2
2096,3384,2,3,4,4,2
2097,2935,1,3,3,1,1
2098,1581,5,5,3,4,5
2099,3925,1,3,2,4,3
2100,3974,5,1,5,3,2
2101,4886,4,4,1,2,4
2102,2232,3,1,5,3,5
2103,3113,2,3,1,3,2
2104,2601,1,5,2,1,3
2105,1424,4,2,3,3,3
2106,364,3,4,1,5,3
2107,3708,1,3,1,4,3
2108,4298,3,1,2,3,2
2109,1943,5,5,1,1,2
2110,4507,2,3,4,2,1
2111,2612,2,4,1,3,1
2112,1304,3,1,2,2,3
2113,140,5,4,4,3,5
2114,3530,1,4,3,2,4
2115,4141,3,4,3,2,4
2116,955,4,4,1,4,1
2117,1461,3,1,4,1,2
2118,2745,5,2,2,1,2
2119,1204,2,2,5,4,1
2120,3890,3,2,3,2,5
2121,3302,2,5,1,4,4
2122,4684,3,1,4,2,1
2123,1343,1,1,2,1,5
2124,3586,1,4,1,2,2
2125,2252,4,5,2,2,3
2126,831,5,4,1,1,4
2127,583,2,2,4,5,2
2128,2093,3,2,3,2,1
2129,1748,1,1,2,5,4
2130,4281,3,5,2,1,5
2131,4291,4,1,2,5,5
2132,4389,2,5,5,1,5
2133,522,1,4,1,1,2
2134,2005,2,1,1,2,2
2135,3768,1,3,1,5,3
2136,1737,5,5,3,3,5
2137,1205,4,1,1,4,1
2138,2611,4,4,3,3,4
2139,2225,4,1,3,4,1
2140,227,1,5,4,1,3
2141,869,1,3,4,5,4
2142,2728,4,5,1,5,1
2143,4309,3,2,1,3,4
2144,4475,2,4,2,4,5
2145,2017,4,4,2,2,2
2146,2544,1,4,2,5,3
2147,3421,4,3,5,4,3
2148,2044,5,5,4,3,2
2149,4328,3,4,2,2,3
2150,1171,1,4,1,4,5
2151,4423,1,2,2,5,1
2152,3199,3,3,5,2,2
2153,698,3,2,1,4,1
2154,3379,2,4,5,4,2
2155,3333,5,2,5,2,1
2156,3330,5,5,2,5,5
2157,4150,4,5,4,5,3
2158,2047,4,2,2,5,2
2159,1626,1,2,4,1,2
2160,4327,4,1,2,5,3
2161,907,2,2,2,1,4
2162,2445,4,5,4,4,2
2163,4598,3,3,5,4,5
2164,3746,5,5,4,3,5
2165,1561,4,3,4,1,2
2166,3159,1,2,5,2,3
2167,4222,2,2,2,5,1
2168,852,1,1,2,4,5
2169,4823,4,3,2,3,2
2170,3093,2,1,2,5,1
2171,2259,4,4,2,5,3
2172,1539,5,4,1,3,4
2173,2285,3,4,3,1,3
2174,4493,5,2,1,1,2
2175,249,1,2,4,2,4
2176,2361,3,4,5,5,1
2177,4187,4,3,2,2,5
2178,3549,1,3,3,1,5
2179,2305,1,2,2,4,3
2180,2493,1,4,3,2,2
2181,4025,4,1,2,5,4
2182,3072,4,5,1,5,3
2183,4535,1,5,2,5,5
2184,2472,4,3,4,2,5
2185,1411,3,1,4,3,4
2186,2289,2,3,4,4,1
2187,4009,3,5,5,2,3
2188,2159,4,3,2,2,5
2189,1449,5,2,3,3,4
2190,3927,4,1,4,4,3
2191,3291,5,2,5,3,1
2192,338,5,1,5,4,1
2193,3689,3,2,4,1,3
2194,1400,5,4,3,3,5
2195,4264,2,5,5,1,5
2196,4266,2,2,4,3,5
2197,2410,2,5,1,3,1
2198,589,4,4,5,4,2
2199,1187,4,3,2,1,4
2200,4402,4,1,1,4,5
2201,1633,2,3,3,1,2
2202,4744,2,2,4,1,5
2203,619,5,2,3,1,1
2204,1192,2,1,2,2,5
2205,1695,3,5,5,5,4
2206,2046,1,3,1,3,3
2207,1806,5,1,5,2,2
2208,4872,1,1,1,5,3
2209,4985,3,3,1,2,5
2210,4164,5,5,1,4,3
2211,3263,3,3,1,2,3
2212,1867,5,3,1,2,3
2213,4003,3,3,4,1,1
2214,846,1,1,3,1,4
2215,41,3,4,4,5,4
2216,4326,3,3,2,2,5
2217,2966,1,5,2,1,5
2218,4970,2,5,4,3,4
2219,823,2,4,2,5,2
2220,497,3,4,1,4,5
2221,901,5,5,4,4,3
2222,2583,1,3,3,5,2
2223,895,2,3,3,4,1
2224,1415,2,1,5,3,2
2225,1893,2,5,4,4,1
2226,1977,2,3,5,4,4
2227,4496,5,3,4,2,3
2228,3088,1,4,1,5,1
2229,585,2,5,5,4,4
2230,4637,4,1,1,1,4
2231,2923,5,3,5,5,3
2232,1092,4,5,3,1,3
2233,1381,5,2,1,1,1
2234,1486,4,2,3,3,5
2235,172,3,5,3,5,5
2236,4374,2,5,1,1,1
2237,4732,1,5,3,3,1
2238,1706,5,4,5,2,5
2239,2848,5,3,3,2,4
2240,3116,1,5,2,5,2
2241,4320,3,3,4,4,3
2242,3935,5,2,4,4,5
2243,1132,3,3,1,4,3
2244,3289,4,4,5,3,2
2245,3233,5,4,5,5,3
2246,4466,5,1,3,2,1
2247,3977,1,4,2,2,2
2248,3838,2,3,1,1,1
2249,1171,5,5,4,3,2
2250,4749,3,3,4,5,2
2251,803,4,5,3,4,2
2252,4406,4,2,4,2,4
2253,4123,3,5,2,1,1
2254,736,4,3,4,3,4
2255,3968,3,1,3,4,1
2256,984,3,3,5,1,5
2257,646,5,4,3,2,4
2258,2631,5,3,3,1,3
2259,2951,4,4,5,1,1
2260,4588,5,4,3,1,2
2261,2932,4,2,5,5,5
2262,2771,1,3,3,3,5
2263,1462,5,4,2,4,3
2264,3178,3,3,4,5,5
2265,3946,4,1,5,5,5
2266,2540,4,1,4,2,3
2267,654,4,2,2,3,2
2268,101,1,2,2,1,4
2269,1655,1,2,1,1,5
2270,2264,5,5,3,1,2
2271,4214,2,1,5,5,3
2272,2528,1,5,1,5,3
2273,1113,3,3,5,1,2
2274,909,4,5,2,2,4
2275,1507,4,2,3,1,3
2276,4042,2,2,4,1,2
2277,2044,2,1,1,2,5
2278,4219,1,3,5,4,3
2279,4713,1,1,3,4,5
2280,3575,4,5,4,5,3
2281,2847,2,4,2,5,5
2282,4730,1,1,5,5,4
2283,4660,5,3,5,5,1
2284,2498,5,5,2,2,1
2285,2225,2,5,2,4,4
2286,1670,4,4,4,5,2
2287,2255,3,5,1,4,5
2288,405,1,5,4,3,1
2289,1831,4,4,4,1,3
2290,1332,1,5,4,4,3
2291,2556,2,4,5,3,1
2292,4959,5,4,5,3,1
2293,2761,5,4,3,4,1
2294,2603,5,3,2,5,4
2295,3193,4,3,3,1,2
2296,3680,5,1,5,1,5
2297,4347,1,4,5,4,4
2298,2083,1,1,1,4,2
2299,2741,5,1,4,1,2
2300,117,2,1,4,3,4
2301,280,2,3,5,5,1
2302,774,2,2,5,5,1
2303,193,2,5,1,2,2
2304,4920,4,5,4,3,1
2305,4234,2,5,1,4,4
2306,3423,4,1,1,3,5
2307,1673,2,5,2,1,4
2308,4607,2,4,2,3,3
2309,547,3,3,3,1,1
2310,3379,4,1,4,1,2
2311,1340,5,2,4,1,2
2312,1971,5,2,4,1,5
2313,2178,3,5,3,2,3
2314,1558,2,1,4,1,2
2315,925,3,5,5,1,4
2316,2361,5,3,2,1,3
2317,4552,1,1,1,5,4
2318,3268,4,1,1,1,4
2319,601,1,3,2,5,5
2320,626,2,3,1,1,5
2321,2427,4,3,3,2,4
2322,2391,4,1,3,4,2
2323,293,5,1,1,1,1
2324,4330,5,3,2,4,1
2325,121,2,3,2,1,5
2326,4766,1,2,5,4,4
2327,4196,1,2,3,2,5
2328,3092,1,4,4,2,4
2329,3933,3,2,4,3,2
2330,2232,4,2,5,3,5
2331,3643,2,3,2,3,1
2332,3042,4,2,1,2,3
2333,3406,4,1,5,1,3
2334,3812,3,5,2,2,3
2335,4635,3,5,3,4,4
2336,3653,1,5,2,1,3
2337,1354,1,2,4,4,4
2338,4614,3,4,1,1,5
2339,820,3,5,3,5,1
2340,1173,1,2,4,2,4
2341,877,5,3,2,4,1
2342,4353,4,5,1,3,3
2343,3659,4,1,5,5,5
2344,1986,4,5,5,4,4
2345,4617,3,5,4,4,4
2346,199,4,2,2,1,4
2347,1890,5,3,2,2,2
2348,516,4,1,2,3,4
2349,177,1,2,2,3,2
2350,4121,2,4,4,5,1
2351,4646,2,5,2,2,5
2352,1407,5,4,3,4,1
2353,1375,4,5,1,4,4
2354,260,1,5,5,5,1
2355,4269,2,3,3,2,3
2356,3892,3,4,2,5,5
2357,1891,2,3,2,3,1
2358,3921,1,1,1,1,1
2359,1188,4,3,5,2,2
2360,1163,2,5,4,2,5
2361,1129,3,4,3,1,2
2362,4791,4,2,2,3,1
2363,1672,5,4,1,5,1
2364,1930,5,2,1,3,3
2365,323,2,5,5,5,4
2366,2191,3,2,5,4,1
2367,436,2,1,4,4,1
2368,3613,3,5,5,4,5
2369,1616,3,5,4,2,1
2370,2176,3,5,1,3,3
2371,2257,3,4,4,1,1
2372,997,5,5,1,2,3
2373,493,3,3,5,1,1
2374,1880,1,5,3,5,5
2375,4185,2,1,3,3,4
2376,4634,4,2,2,2,2
2377,1136,4,5,1,5,2
2378,3829,2,5,3,5,5
2379,4936,3,2,4,5,5
2380,2088,1,1,1,5,2
2381,2158,2,2,4,2,4
2382,3245,1,3,2,1,2
2383,4035,3,2,4,2,1
2384,2128,5,5,3,2,5
2385,4267,2,2,2,1,1
2386,1698,5,1,5,1,4
2387,282,3,2,2,2,1
2388,1756,3,4,3,4,5
2389,960,5,2,1,2,5
2390,22,5,1,4,2,4
2391,1803,1,2,2,1,2
2392,3081,4,1,2,3,2
2393,545,4,5,3,4,3
2394,2781,4,2,1,2,3
2395,2170,2,5,2,3,3
2396,514,3,2,4,1,4
2397,1588,2,3,5,3,2
2398,457,5,2,4,5,4
2399,661,5,5,4,5,5
2400,2845,2,3,2,5,4
2401,2925,2,2,4,1,4
2402,1862,5,4,1,5,4
2403,3825,2,2,1,2,3
2404,2362,5,5,5,5,4
2405,1397,2,3,3,5,5
2406,489,3,1,1,2,5
2407,557,4,5,5,2,4
2408,3517,5,5,2,5,3
2409,481,4,4,4,4,2
2410,1357,5,3,2,1,4
2411,2192,4,1,5,2,1
2412,3132,1,4,2,4,5
2413,3853,4,2,5,3,1
2414,4871,1,4,2,5,3
2415,4148,2,4,1,3,5
2416,3988,2,3,2,2,3
2417,4342,3,2,5,5,4
2418,3330,1,3,2,1,5
2419,4468,3,5,1,4,5
2420,810,1,1,4,5,5
2421,2400,4,2,4,1,3
2422,2782,1,1,2,5,1
2423,1587,1,1,1,5,4
2424,2540,4,3,3,2,3
2425,2362,3,3,2,2,5
2426,4704,1,2,3,4,3
2427,4029,3,2,4,1,3
2428,1054,4,2,5,2,5
2429,3423,4,4,2,2,3
2430,3676,3,4,3,2,3
2431,2253,2,1,2,3,1
2432,15,2,2,1,1,2
2433,960,5,1,5,3,4
2434,152,4,5,3,4,1
2435,3463,1,1,1,1,4
2436,2412,5,4,1,5,3
2437,2865,1,3,2,3,3
2438,4255,5,4,2,4,5
2439,3475,1,5,1,4,3
2440,4496,1,3,5,4,4
2441,3660,5,2,2,3,2
2442,3771,1,4,4,5,1
2443,3476,1,5,1,5,1
2444,4604,3,3,1,2,1
2445,4857,3,2,1,1,4
2446,1117,5,5,5,4,4
2447,1744,3,4,2,2,1
2448,4576,3,2,1,3,5
2449,3915,4,5,4,3,4
2450,69,2,1,2,1,2
2451,3960,3,4,2,2,2
2452,4877,2,4,2,1,2
2453,3232,2,5,5,2,5
2454,1531,4,2,5,1,3
2455,1323,1,5,5,4,1
2456,3839,2,5,5,2,5
2457,4701,4,2,5,2,1
2458,4863,2,5,4,3,3
2459,2121,4,2,1,4,4
2460,2191,5,3,1,1,3
2461,4344,3,3,2,2,4
2462,1765,3,5,1,4,2
2463,2723,1,2,2,4,3
2464,2997,1,4,2,4,2
2465,97,4,3,2,3,1
2466,1093,2,1,1,2,1
2467,3409,4,2,2,4,5
2468,3398,3,2,3,4,3
2469,1123,4,4,2,4,3
2470,2386,4,1,5,5,2
2471,3500,1,4,2,1,1
2472,4403,5,5,4,5,5
2473,524,2,1,4,4,3
2474,1860,3,5,1,3,5
2475,2070,2,5,5,2,4
2476,1715,5,1,5,5,5
2477,2982,5,4,2,4,3
2478,3580,3,1,5,2,3
2479,2078,3,4,3,1,2
2480,1486,1,2,1,3,5
2481,2921,1,5,3,2,1
2482,4971,3,4,2,5,3
2483,2302,3,4,3,3,4
2484,3414,5,2,5,2,4
2485,4235,2,4,4,2,3
2486,2470,4,4,3,4,1
2487,3185,4,3,2,5,1
2488,251,2,5,3,1,1
2489,594,4,3,1,5,2
2490,2836,4,3,3,1,1
2491,4465,3,5,5,2,3
2492,6,4,2,3,4,1
2493,1584,2,1,1,5,3
2494,2185,2,1,5,5,3
2495,4666,3,3,1,5,5
2496,992,1,1,3,1,3
2497,3443,4,4,1,2,5
2498,4435,5,1,4,5,2
2499,2581,2,2,4,4,3
2500,4511,3,5,5,1,4
2501,1379,4,2,1,3,5
2502,1968,4,4,3,5,5
2503,4114,1,5,4,4,2
2504,3266,1,2,2,2,5
2505,552,3,4,5,3,5
2506,28,1,1,2,2,3
2507,4986,5,5,4,1,1
2508,2666,5,2,2,4,3
2509,651,3,4,4,2,5
2510,1704,3,5,1,5,5
2511,2045,2,3,4,5,3
2512,4122,2,4,2,5,5
2513,381,5,5,3,5,4
2514,633,5,5,4,5,2
2515,4941,5,5,5,4,4
2516,3048,4,5,3,5,4
2517,4961,3,1,2,2,2
2518,3169,3,5,4,5,1
2519,3188,4,4,5,2,5
2520,1864,4,1,4,5,5
2521,2325,5,2,2,4,4
2522,4041,2,1,5,4,4
2523,1564,1,3,5,3,4
2524,1882,3,3,3,4,4
2525,4372,5,1,1,2,1
2526,1735,3,3,5,4,2
2527,3206,1,3,2,2,3
2528,1471,1,2,1,1,3
2529,4942,4,5,3,3,2
2530,3241,5,3,2,1,5
2531,1687,2,1,1,5,1
2532,591,4,2,2,4,3
2533,2167,3,2,4,1,1
2534,2213,4,1,4,1,3
2535,3724,3,2,5,1,2
2536,2208,4,3,2,4,5
2537,2308,2,4,3,2,2
2538,817,2,5,2,3,3
2539,1161,2,2,3,4,2
2540,4128,5,2,3,4,2
2541,2815,5,3,3,3,3
2542,1882,3,5,2,4,5
2543,3988,2,2,5,3,5
2544,813,3,1,4,3,3
2545,199,1,1,3,2,4
2546,4055,4,1,2,5,2
2547,2816,1,4,3,1,4
2548,4829,3,4,2,2,2
2549,3249,4,4,2,1,2
2550,3751,4,2,5,3,5
2551,2138,4,3,4,2,3
2552,2017,4,3,1,3,2
2553,1301,2,1,2,5,2
2554,3464,1,1,2,4,3
2555,2503,2,2,2,2,4
2556,4379,2,2,5,5,4
2557,2986,5,1,3,3,2
2558,1909,2,1,4,1,2
2559,2423,1,4,5,1,2
2560,55,3,1,1,5,2
2561,2713,4,5,2,1,4
2562,3571,5,1,5,1,2
2563,2361,1,3,1,4,4
2564,1516,3,5,5,4,1
2565,2344,2,5,5,3,4
2566,1199,2,3,4,5,4
2567,2126,2,4,1,2,4
2568,3764,5,5,2,3,4
2569,3287,4,4,3,4,3
2570,299,5,5,2,1,1
2571,3227,4,1,2,2,5
2572,868,5,2,4,1,2
2573,1981,3,1,4,2,5
2574,3512,1,3,4,5,4
2575,3015,5,1,3,1,4
2576,1824,3,1,5,4,1
2577,76,1,1,1,5,3
2578,4616,1,3,4,1,3
2579,548,3,2,1,4,3
2580,3144,2,1,3,4,2
2581,50,2,3,1,3,2
2582,4053,2,4,5,1,5
2583,129,3,5,3,5,5
2584,3032,5,5,1,4,2
2585,3774,1,4,1,3,2
2586,4137,3,4,2,5,5
2587,4454,3,4,5,2,4
2588,64,3,4,4,4,1
2589,2419,4,1,2,2,4
2590,3871,1,4,2,3,5
2591,169,5,4,3,3,5
2592,1381,4,2,4,4,3
2593,2919,3,3,4,1,1
2594,1339,3,1,5,1,4
2595,657,4,2,1,5,1
2596,1030,3,2,1,1,1
2597,907,2,5,4,3,2
2598,3792,1,5,3,3,4
2599,1682,4,2,3,1,4
2600,4982,2,2,1,4,5
2601,724,4,3,5,5,1
2602,4630,4,1,1,5,2
2603,3921,1,4,3,3,4
2604,3292,5,3,4,1,3
2605,627,5,4,1,3,5
2606,1249,3,3,5,1,1
2607,2819,3,2,4,1,4
2608,4893,2,5,5,3,1
2609,3781,5,2,4,1,3
2610,1619,4,1,4,4,4
2611,3015,2,2,5,2,2
2612,3249,1,1,3,4,5
2613,3780,2,3,4,4,5
2614,1832,4,4,2,1,2
2615,1941,4,1,2,2,3
2616,3323,2,3,2,3,5
2617,2055,3,4,3,2,4
2618,3037,2,2,2,4,2
2619,2667,2,5,4,3,2
2620,4910,5,1,2,3,2
2621,635,3,1,3,1,3
2622,3705,4,1,2,1,1
2623,3952,5,3,2,2,2
2624,34,2,2,2,2,3
2625,521,4,2,3,4,4
2626,3228,2,5,1,5,5
2627,3025,4,4,5,5,3
2628,1491,1,5,5,1,2
2629,4212,5,2,5,4,2
2630,4678,3,1,1,4,1
2631,2560,2,5,5,4,1
2632,1328,4,3,2,1,1
2633,2213,3,4,3,2,2
2634,2915,3,2,3,5,1
2635,3653,1,2,3,5,5
2636,1158,4,2,4,4,2
2637,4101,5,5,5,1,2
2638,4026,3,3,1,2,3
2639,4146,4,1,5,5,2
2640,2955,2,3,4,1,4
2641,4956,2,3,3,3,5
2642,1688,2,5,5,3,3
2643,1324,2,2,1,4,3
2644,4338,2,3,5,3,1
2645,2531,5,5,2,2,4
2646,4623,4,5,1,1,1
2647,509,5,5,4,1,5
2648,4100,3,2,4,3,1
2649,95,3,4,2,1,3
2650,3232,4,5,1,4,2
2651,3907,1,1,2,4,3
2652,3760,3,1,3,4,4
2653,130,5,3,4,2,5
2654,1703,5,4,1,3,5
2655,3352,4,5,4,5,5
2656,2406,3,3,5,4,2
2657,1713,5,3,5,1,2
2658,1133,3,5,5,5,1
2659,1266,5,4,1,3,5
2660,4110,4,1,1,5,5
2661,2698,5,2,5,5,1
2662,3037,5,2,5,1,1
2663,2386,2,3,5,4,4
2664,4925,2,1,3,3,5
2665,3599,5,1,4,3,2
2666,793,3,2,3,2,1
2667,1651,4,2,5,5,5
2668,661,3,1,1,4,4
2669,3979,5,3,2,5,3
2670,2778,1,5,4,1,1
2671,3550,5,2,1,2,2
2672,1051,4,4,4,4,5
2673,1538,2,2,4,4,2
2674,111,5,1,1,5,3
2675,4952,1,4,3,5,2
2676,3227,1,2,4,5,4
2677,2620,3,2,3,3,1
2678,74,2,3,1,1,4
2679,3688,4,5,5,2,3
2680,4427,5,4,1,3,3
2681,2923,1,3,2,2,1
2682,1290,1,4,2,3,5
2683,864,4,5,3,1,4
2684,4357,2,3,4,1,4
2685,126,1,3,1,5,5
2686,350,1,3,4,4,4
2687,3104,5,2,1,1,4
2688,1097,1,1,5,5,3
2689,1078,1,3,4,5,1
2690,4923,3,3,3,4,5
2691,4840,5,2,4,4,1
2692,1733,2,3,4,1,2
2693,4927,3,4,2,1,4
2694,2174,4,1,5,3,5
2695,194,2,5,5,5,1
2696,1746,2,2,2,1,2
2697,562,4,4,5,5,4
2698,4375,4,3,2,4,3
2699,2118,4,3,4,1,4
2700,2598,4,5,1,5,4
2701,324,5,2,1,1,2
2702,373,3,4,5,1,5
2703,4795,3,4,4,2,3
2704,1914,5,1,4,3,3
2705,3174,2,3,1,1,3
2706,89,3,3,2,5,4
2707,2702,1,3,4,2,5
2708,4392,4,1,5,4,4
2709,2313,2,2,3,1,1
2710,1794,5,2,5,1,3
2711,2140,5,1,2,4,4
2712,3501,3,3,4,3,2
2713,4430,2,4,4,2,4
2714,2134,2,1,3,3,1
2715,1607,5,3,3,2,2
2716,2716,4,2,2,3,1
2717,4977,5,4,5,2,5
2718,4506,2,1,1,5,5
2719,4791,5,4,1,5,2
2720,1703,5,5,1,4,5
2721,1684,2,2,5,4,2
2722,2142,3,1,3,5,5
2723,3653,2,4,5,2,3
2724,1110,5,2,5,4,3
2725,4665,5,2,3,2,1
2726,609,4,2,2,3,3
2727,4726,2,1,2,2,4
2728,2132,1,3,2,2,5
2729,2419,4,4,5,5,4
2730,1648,3,4,4,1,4
2731,3356,5,5,2,5,2
2732,4096,4,2,1,2,2
2733,3313,1,5,3,2,4
2734,1179,5,3,2,4,2
2735,2775,1,5,5,2,5
2736,4737,2,5,2,1,2
2737,1468,2,5,3,2,2
2738,850,4,5,3,2,3
2739,1596,2,4,4,4,4
2740,2020,2,5,3,3,4
2741,1099,4,1,1,5,4
2742,4806,2,2,2,2,3
2743,2533,3,2,1,1,5
2744,2942,3,2,5,5,5
2745,2796,5,5,1,5,4
2746,1989,2,2,4,2,3
2747,3538,3,3,4,3,5
2748,1083,4,3,1,1,1
2749,2883,3,2,5,3,2
2750,4669,5,3,3,3,2
2751,4142,2,4,3,3,5
2752,4832,1,4,2,2,5
2753,4238,2,1,2,1,4
2754,2350,2,4,2,3,2
2755,3096,5,2,1,2,2
2756,4648,2,2,4,2,3
2757,2084,3,2,1,4,3
2758,3012,2,3,1,5,3
2759,1755,5,2,2,3,1
2760,3961,2,1,3,1,3
2761,365,1,1,1,3,5
2762,563,5,5,2,5,1
2763,2600,4,5,4,4,3
2764,3858,3,4,4,2,2
2765,3130,3,3,3,5,5
2766,2202,5,1,2,5,3
2767,184,2,3,3,5,5
2768,1811,1,4,5,4,2
2769,3144,1,2,1,4,4
2770,817,3,4,3,3,2
2771,271,2,5,1,2,3
2772,1814,5,1,3,5,1
2773,1103,3,2,5,5,2
2774,3701,5,4,5,2,2
2775,2169,1,4,2,2,5
2776,1175,1,2,5,2,1
2777,486,5,1,4,5,3
2778,2671,1,5,1,1,4
2779,3178,2,1,2,5,2
2780,4215,1,4,5,1,5
2781,2626,2,4,2,1,4
2782,3193,5,1,5,4,5
2783,1067,4,5,2,4,4
2784,2674,4,5,4,2,4
2785,611,4,2,1,2,4
2786,942,4,1,3,1,4
2787,591,4,3,4,1,3
2788,97,2,5,5,1,1
2789,1355,4,3,1,2,4
2790,2774,4,5,4,3,3
2791,4005,2,2,5,1,4
2792,3554,5,1,5,3,3
2793,4472,4,4,1,1,4
2794,2681,1,4,1,2,1
2795,1907,4,5,5,5,5
2796,2104,4,4,5,4,1
2797,3140,4,3,1,2,2
2798,911,4,5,3,1,5
2799,1832,5,3,4,1,4
2800,2584,1,2,4,2,2
2801,623,4,2,1,3,1
2802,3040,5,4,2,3,5
2803,2799,4,5,1,4,1
2804,458,3,1,1,1,4
2805,2776,2,5,5,3,3
2806,1639,3,3,4,1,2
2807,2145,3,5,3,2,1
2808,2137,4,3,4,5,4
2809,928,5,2,4,4,3
2810,3023,5,4,3,2,2
2811,2033,2,5,4,4,3
2812,1079,5,5,2,3,1
2813,2231,3,5,5,2,3
2814,4784,5,3,1,3,2
2815,952,2,2,1,2,5
2816,2454,5,5,5,2,2
2817,3817,4,2,1,5,1
2818,1120,1,5,4,5,5
2819,41,1,5,3,1,2
2820,3,5,1,5,4,5
2821,490,3,1,2,4,1
2822,581,3,4,5,4,4
2823,4546,2,5,2,2,5
2824,3862,4,5,2,4,4
2825,2789,1,5,3,1,3
2826,2306,1,3,3,5,3
2827,563,5,2,5,4,5
2828,3081,4,2,2,1,3
2829,1994,2,3,3,5,4
2830,4912,2,4,1,4,2
2831,3496,2,1,3,3,4
2832,2647,3,5,1,2,2
2833,2480,2,2,4,5,1
2834,2018,1,2,4,4,4
2835,2196,4,4,3,1,1
2836,3206,2,5,4,1,5
2837,1825,3,2,1,4,2
2838,4137,2,1,4,5,2
2839,3345,5,1,1,1,3
2840,3973,3,1,5,4,4
2841,1536,5,4,2,3,4
2842,1905,1,1,4,3,2
2843,3465,1,3,1,3,5
2844,2127,3,3,5,2,3
2845,4447,1,4,1,2,5
2846,507,1,5,3,3,2
2847,292,5,4,4,3,1
2848,694,3,4,4,1,4
2849,3843,4,3,5,4,2
2850,1553,5,1,4,4,5
2851,741,4,4,3,4,3
2852,323,3,5,5,5,1
2853,2660,4,2,1,3,5
2854,298,5,5,5,3,5
2855,406,2,2,3,1,4
2856,3700,3,4,2,5,1
2857,2025,3,4,1,3,5
2858,2810,3,3,1,3,4
2859,4908,5,5,4,5,1
2860,133,4,3,2,5,2
2861,4188,4,5,4,4,4
2862,566,1,1,3,5,3
2863,4774,1,4,5,2,5
2864,435,3,4,1,1,3
2865,2624,5,1,3,3,4
2866,3760,4,3,1,5,5
2867,696,2,3,5,3,1
2868,4810,2,4,2,3,2
2869,1995,3,1,5,2,4
2870,455,3,5,1,1,5
2871,2927,1,3,5,3,3
2872,3647,1,4,1,1,5
2873,1025,3,1,1,5,3
2874,3905,4,3,5,2,5
2875,3330,2,3,2,3,1
2876,720,4,3,5,1,2
2877,4819,2,2,5,5,1
2878,4401,4,5,3,5,3
2879,3740,1,4,2,3,5
2880,3037,5,1,4,1,4
2881,3667,5,2,1,2,5
2882,1834,1,3,4,4,3
2883,694,2,4,4,4,1
2884,3776,1,4,5,4,3
2885,1194,2,1,5,3,2
2886,4114,4,5,4,1,5
2887,4461,3,5,2,2,2
2888,382,4,2,1,4,4
2889,3072,3,4,5,1,1
2890,4578,4,1,5,1,3
2891,2157,5,3,5,2,4
2892,3900,1,5,1,5,5
2893,4992,1,2,5,3,2
2894,1847,3,4,5,1,1
2895,1674,4,1,5,5,4
2896,1464,4,2,5,4,4
2897,256,2,4,1,4,1
2898,4063,1,4,4,5,5
2899,786,5,1,5,1,2
2900,581,5,2,2,4,5
2901,127,3,3,1,3,4
2902,1468,4,2,5,1,1
2903,939,4,1,5,4,5
2904,4057,4,1,5,2,3
2905,4567,5,2,1,3,2
2906,1958,5,5,2,1,2
2907,3334,4,4,5,1,1
2908,4750,5,1,3,3,4
2909,4401,4,5,2,1,2
2910,1247,5,1,3,1,2
2911,2903,3,2,4,5,5
2912,1696,2,3,2,3,4
2913,85,2,1,1,3,4
2914,2565,4,1,2,3,2
2915,4947,2,3,2,5,4
2916,1562,4,2,4,5,3
2917,1704,4,1,1,5,1
2918,4962,4,1,1,3,2
2919,2831,4,1,2,4,5
2920,2131,3,5,4,4,4
2921,1873,2,4,2,4,2
2922,4821,5,3,5,4,1
2923,1002,1,1,3,2,2
2924,532,2,1,5,4,5
2925,182,1,4,5,3,4
2926,2418,4,3,3,4,5
2927,1426,1,1,3,5,4
2928,4944,1,1,5,4,4
2929,574,2,2,4,1,2
2930,2089,1,4,4,1,4
2931,2565,1,2,2,4,5
2932,3480,4,3,3,2,3
2933,3639,5,1,2,1,5
2934,2745,2,4,4,2,3
2935,2715,3,1,2,2,1
2936,4604,1,1,4,2,1
2937,3688,5,2,3,3,3
2938,1322,3,2,5,5,2
2939,725,1,2,1,4,1
2940,3023,1,1,1,4,3
2941,58,1,3,4,2,4
2942,1528,2,4,3,5,1
2943,2664,4,3,2,4,3
2944,4937,2,2,1,4,2
2945,4117,4,5,4,2,4
2946,3772,2,3,1,1,3
2947,4466,1,2,2,5,1
2948,4961,2,5,3,4,2
2949,4290,3,3,5,1,3
2950,3469,5,3,5,3,1
2951,4277,1,3,4,1,5
2952,3174,4,4,2,1,5
2953,603,3,4,5,3,2
2954,1895,1,2,1,5,4
2955,665,3,1,2,3,5
2956,2792,4,2,5,3,1
2957,4635,2,1,1,2,5
2958,1041,5,4,5,5,3
2959,148,5,1,4,5,3
2960,528,1,5,4,2,4
2961,948,5,3,4,2,2
2962,4403,4,4,3,1,4
2963,1496,3,1,3,3,1
2964,533,2,2,3,1,4
2965,496,3,4,3,4,4
2966,1999,5,3,4,5,5
2967,4195,2,5,5,4,4
2968,1039,4,2,2,3,3
2969,2422,1,2,2,3,1
2970,2808,5,5,2,1,4
2971,4443,1,4,4,4,2
2972,3393,2,5,4,4,5
2973,2180,4,3,2,3,2
2974,4076,4,4,1,1,4
2975,779,1,2,5,3,4
2976,966,3,2,4,4,4
2977,553,1,4,2,2,5
2978,4760,4,5,3,5,3
2979,4539,5,2,4,1,2
2980,4823,4,3,1,5,5
2981,4371,1,3,3,1,2
2982,2228,2,1,4,4,1
2983,2567,2,2,2,4,4
2984,1162,5,3,3,5,4
2985,3757,2,1,3,2,3
2986,3937,3,3,5,2,4
2987,3874,5,5,3,1,4
2988,3468,1,1,4,5,2
2989,4887,1,1,2,2,4
2990,3928,3,3,1,2,1
2991,2955,3,4,4,3,5
2992,2868,2,4,2,3,3
2993,1226,2,1,4,3,1
2994,3195,5,3,4,1,4
2995,1203,1,5,4,5,5
2996,563,3,5,1,4,2
2997,893,5,4,5,3,5
2998,856,5,2,4,5,1
2999,1815,5,2,2,4,1
3000,968,3,2,4,4,5
